Department,JobRole,OverTime,JobSatisfaction,EnvironmentSatisfaction,Age_Group,Tenure_Group,Total_Employees,Attrition_Count,Attrition_Rate_Pct,AVG_Salary,Avg_Commute,Avg_Years_With_Manager,Avg_Training_Hours
Human Resources,Human Resources,false,4,2,Under 30,3-5 Mid-Tenure,1,0,0.0,4936.0,8.0,4.0,6.0
Human Resources,Human Resources,false,2,4,30 to 50,3-5 Mid-Tenure,1,0,0.0,2109.0,8.0,2.0,3.0
Human Resources,Human Resources,true,2,4,Under 30,3-5 Mid-Tenure,1,1,100.0,2148.0,20.0,4.0,3.0
Human Resources,Human Resources,true,4,3,30 to 50,6+ Veterans,2,0,0.0,7592.0,17.5,7.0,2.0
Human Resources,Human Resources,true,3,3,30 to 50,3-5 Mid-Tenure,1,0,0.0,2696.0,2.0,0.0,5.0
Human Resources,Human Resources,false,2,4,Under 30,0-2 New Hires,1,0,0.0,2804.0,6.0,0.0,3.0
Human Resources,Human Resources,false,4,3,Under 30,3-5 Mid-Tenure,1,0,0.0,2706.0,1.0,2.0,2.0
Human Resources,Human Resources,true,3,2,Under 30,6+ Veterans,1,1,100.0,2741.0,17.0,0.0,2.0
Human Resources,Human Resources,false,4,4,30 to 50,3-5 Mid-Tenure,1,0,0.0,5204.0,2.0,4.0,2.0
Human Resources,Human Resources,false,3,3,30 to 50,6+ Veterans,2,0,0.0,4460.5,5.5,1.0,2.0
Human Resources,Human Resources,true,4,1,30 to 50,6+ Veterans,1,0,0.0,5743.0,1.0,2.0,3.0
Human Resources,Human Resources,false,1,1,30 to 50,0-2 New Hires,1,0,0.0,6410.0,2.0,0.0,1.0
Human Resources,Human Resources,false,2,3,Over 50,6+ Veterans,1,0,0.0,10725.0,19.0,1.0,1.0
Human Resources,Human Resources,false,2,2,30 to 50,6+ Veterans,1,0,0.0,2177.0,24.0,4.0,3.0
Human Resources,Human Resources,false,1,2,30 to 50,6+ Veterans,1,1,100.0,10482.0,1.0,6.0,1.0
Human Resources,Human Resources,false,1,1,30 to 50,3-5 Mid-Tenure,1,0,0.0,2342.0,8.0,3.0,3.0
Human Resources,Human Resources,true,2,4,30 to 50,3-5 Mid-Tenure,1,0,0.0,2277.0,3.0,3.0,4.0
Human Resources,Human Resources,false,1,4,30 to 50,3-5 Mid-Tenure,1,0,0.0,6272.0,2.0,3.0,3.0
Human Resources,Human Resources,false,1,4,30 to 50,6+ Veterans,1,0,0.0,3423.0,1.0,7.0,3.0
Human Resources,Human Resources,false,2,1,30 to 50,6+ Veterans,1,0,0.0,2592.0,2.0,8.0,3.0
Human Resources,Human Resources,false,3,2,Over 50,0-2 New Hires,1,0,0.0,2267.0,6.0,2.0,2.0
Human Resources,Human Resources,true,2,4,30 to 50,6+ Veterans,1,0,0.0,2991.0,1.0,2.0,2.0
Human Resources,Human Resources,false,4,3,30 to 50,3-5 Mid-Tenure,2,1,50.0,2958.5,5.5,2.0,0.5
Human Resources,Human Resources,false,3,3,30 to 50,3-5 Mid-Tenure,3,0,0.0,5381.0,4.3,3.3,2.3
Human Resources,Human Resources,false,2,3,Under 30,0-2 New Hires,1,0,0.0,2187.0,2.0,2.0,3.0
Human Resources,Human Resources,false,2,1,Under 30,0-2 New Hires,1,1,100.0,2863.0,22.0,0.0,2.0
Human Resources,Human Resources,false,1,4,30 to 50,0-2 New Hires,1,1,100.0,2956.0,18.0,0.0,4.0
Human Resources,Human Resources,false,3,4,Under 30,0-2 New Hires,1,1,100.0,1555.0,22.0,0.0,2.0
Human Resources,Human Resources,false,3,2,30 to 50,3-5 Mid-Tenure,1,0,0.0,3600.0,2.0,4.0,2.0
Human Resources,Human Resources,true,2,2,30 to 50,3-5 Mid-Tenure,1,0,0.0,5021.0,5.0,2.0,2.0
Human Resources,Human Resources,false,2,3,30 to 50,3-5 Mid-Tenure,2,0,0.0,4286.5,8.5,3.0,3.0
Human Resources,Human Resources,false,3,3,Under 30,6+ Veterans,1,0,0.0,2942.0,25.0,7.0,3.0
Human Resources,Human Resources,false,3,1,30 to 50,0-2 New Hires,2,1,50.0,4363.5,5.0,2.0,0.5
Human Resources,Human Resources,true,1,2,30 to 50,3-5 Mid-Tenure,1,1,100.0,9950.0,23.0,2.0,2.0
Human Resources,Human Resources,false,4,1,Under 30,0-2 New Hires,2,1,50.0,2354.5,6.0,0.5,2.5
Human Resources,Human Resources,false,2,3,30 to 50,6+ Veterans,3,0,0.0,4983.33,7.3,7.0,4.0
Human Resources,Human Resources,false,4,2,30 to 50,6+ Veterans,2,0,0.0,3712.5,2.0,8.0,3.5
Human Resources,Human Resources,false,1,2,Under 30,6+ Veterans,1,0,0.0,7988.0,17.0,9.0,3.0
Human Resources,Human Resources,true,1,3,30 to 50,3-5 Mid-Tenure,1,1,100.0,2073.0,6.0,2.0,3.0
Human Resources,Human Resources,true,1,1,Under 30,0-2 New Hires,1,1,100.0,2335.0,13.0,0.0,3.0
Human Resources,Human Resources,true,4,3,30 to 50,0-2 New Hires,1,0,0.0,3195.0,1.0,2.0,2.0
Human Resources,Manager,true,4,4,Over 50,3-5 Mid-Tenure,1,0,0.0,17328.0,26.0,4.0,3.0
Human Resources,Manager,false,2,1,30 to 50,6+ Veterans,1,0,0.0,18200.0,3.0,7.0,2.0
Human Resources,Manager,true,4,3,30 to 50,6+ Veterans,1,0,0.0,16437.0,6.0,7.0,2.0
Human Resources,Manager,false,3,4,30 to 50,3-5 Mid-Tenure,1,0,0.0,19658.0,26.0,0.0,2.0
Human Resources,Manager,false,2,4,Over 50,6+ Veterans,1,0,0.0,19717.0,8.0,7.0,4.0
Human Resources,Manager,false,3,4,30 to 50,6+ Veterans,1,0,0.0,19189.0,1.0,10.0,3.0
Human Resources,Manager,false,1,3,30 to 50,6+ Veterans,1,0,0.0,16799.0,10.0,9.0,5.0
Human Resources,Manager,false,4,3,Over 50,3-5 Mid-Tenure,1,0,0.0,18844.0,2.0,2.0,3.0
Human Resources,Manager,true,2,3,Over 50,6+ Veterans,2,0,0.0,16831.0,15.5,7.0,1.0
Human Resources,Manager,false,4,2,30 to 50,6+ Veterans,1,0,0.0,19141.0,10.0,6.0,2.0
Research & Development,Healthcare Representative,false,1,3,30 to 50,0-2 New Hires,1,0,0.0,9985.0,7.0,0.0,1.0
Research & Development,Healthcare Representative,false,2,4,30 to 50,6+ Veterans,3,1,33.33,8717.67,15.3,5.7,2.7
Research & Development,Healthcare Representative,true,1,4,30 to 50,6+ Veterans,1,0,0.0,8321.0,10.0,7.0,1.0
Research & Development,Healthcare Representative,false,3,2,Under 30,3-5 Mid-Tenure,1,0,0.0,4617.0,1.0,2.0,2.0
Research & Development,Healthcare Representative,false,1,4,30 to 50,6+ Veterans,2,0,0.0,7667.0,3.5,8.0,4.0
Research & Development,Healthcare Representative,true,3,4,30 to 50,6+ Veterans,1,0,0.0,7632.0,16.0,0.0,2.0
Research & Development,Healthcare Representative,true,1,3,30 to 50,3-5 Mid-Tenure,1,0,0.0,9884.0,11.0,3.0,3.0
Research & Development,Healthcare Representative,true,3,1,30 to 50,6+ Veterans,1,0,0.0,6811.0,2.0,7.0,3.0
Research & Development,Healthcare Representative,false,1,1,Under 30,3-5 Mid-Tenure,1,0,0.0,5373.0,1.0,2.0,5.0
Research & Development,Healthcare Representative,false,4,3,Over 50,6+ Veterans,1,0,0.0,11103.0,9.0,1.0,1.0
Research & Development,Healthcare Representative,false,4,3,Over 50,0-2 New Hires,1,0,0.0,10883.0,1.0,0.0,2.0
Research & Development,Healthcare Representative,false,3,3,30 to 50,6+ Veterans,9,0,0.0,8578.11,12.0,7.2,2.9
Research & Development,Healthcare Representative,false,3,1,30 to 50,6+ Veterans,2,0,0.0,8071.5,18.0,10.0,2.0
Research & Development,Healthcare Representative,true,4,4,30 to 50,6+ Veterans,3,0,0.0,6664.33,11.7,7.0,2.3
Research & Development,Healthcare Representative,false,4,2,30 to 50,3-5 Mid-Tenure,1,0,0.0,6949.0,1.0,4.0,3.0
Research & Development,Healthcare Representative,true,1,2,30 to 50,6+ Veterans,1,0,0.0,10851.0,20.0,7.0,2.0
Research & Development,Healthcare Representative,false,1,4,Under 30,6+ Veterans,1,0,0.0,6811.0,7.0,7.0,2.0
Research & Development,Healthcare Representative,true,3,3,30 to 50,6+ Veterans,4,0,0.0,11001.75,12.5,5.5,2.5
Research & Development,Healthcare Representative,true,4,2,30 to 50,0-2 New Hires,1,0,0.0,5811.0,18.0,0.0,2.0
Research & Development,Healthcare Representative,false,1,2,30 to 50,3-5 Mid-Tenure,1,0,0.0,8008.0,5.0,2.0,6.0
Research & Development,Healthcare Representative,false,2,1,30 to 50,6+ Veterans,1,0,0.0,7441.0,1.0,7.0,4.0
Research & Development,Healthcare Representative,false,4,1,30 to 50,0-2 New Hires,1,0,0.0,6781.0,2.0,0.0,6.0
Research & Development,Healthcare Representative,true,2,3,Over 50,6+ Veterans,2,0,0.0,8468.5,11.5,5.5,3.0
Research & Development,Healthcare Representative,true,1,1,Under 30,3-5 Mid-Tenure,1,0,0.0,4741.0,11.0,3.0,3.0
Research & Development,Healthcare Representative,true,2,4,Over 50,6+ Veterans,1,0,0.0,13577.0,8.0,0.0,3.0
Research & Development,Healthcare Representative,false,1,1,Over 50,6+ Veterans,1,0,0.0,7484.0,1.0,8.0,1.0
Research & Development,Healthcare Representative,true,4,3,Under 30,6+ Veterans,2,1,50.0,7088.0,10.5,3.5,1.5
Research & Development,Healthcare Representative,false,1,2,30 to 50,6+ Veterans,1,0,0.0,4448.0,12.0,7.0,3.0
Research & Development,Healthcare Representative,true,3,3,30 to 50,3-5 Mid-Tenure,1,0,0.0,4522.0,8.0,2.0,3.0
Research & Development,Healthcare Representative,false,4,3,30 to 50,0-2 New Hires,1,0,0.0,5163.0,2.0,0.0,2.0
Research & Development,Healthcare Representative,true,4,3,Over 50,3-5 Mid-Tenure,1,0,0.0,9439.0,24.0,4.0,2.0
Research & Development,Healthcare Representative,false,4,2,30 to 50,6+ Veterans,2,0,0.0,6603.5,12.0,8.0,3.0
Research & Development,Healthcare Representative,true,4,4,30 to 50,3-5 Mid-Tenure,1,0,0.0,6465.0,10.0,3.0,5.0
Research & Development,Healthcare Representative,false,3,1,30 to 50,3-5 Mid-Tenure,2,0,0.0,5999.0,15.5,2.0,1.0
Research & Development,Healthcare Representative,false,1,4,30 to 50,0-2 New Hires,1,0,0.0,5093.0,2.0,0.0,2.0
Research & Development,Healthcare Representative,false,2,4,30 to 50,3-5 Mid-Tenure,2,0,0.0,5020.0,3.5,2.0,2.5
Research & Development,Healthcare Representative,true,3,4,30 to 50,0-2 New Hires,1,0,0.0,6388.0,8.0,0.0,6.0
Research & Development,Healthcare Representative,false,4,4,30 to 50,3-5 Mid-Tenure,4,0,0.0,7013.25,6.3,2.3,2.8
Research & Development,Healthcare Representative,false,4,4,30 to 50,6+ Veterans,2,0,0.0,6511.5,18.5,5.0,2.0
Research & Development,Healthcare Representative,false,3,2,30 to 50,6+ Veterans,1,0,0.0,6377.0,2.0,8.0,0.0
Research & Development,Healthcare Representative,false,1,3,Under 30,6+ Veterans,1,0,0.0,9715.0,8.0,7.0,3.0
Research & Development,Healthcare Representative,true,2,3,30 to 50,6+ Veterans,1,0,0.0,5488.0,1.0,2.0,2.0
Research & Development,Healthcare Representative,false,3,3,Over 50,6+ Veterans,1,0,0.0,6306.0,1.0,9.0,2.0
Research & Development,Healthcare Representative,false,4,4,Over 50,6+ Veterans,1,1,100.0,10312.0,23.0,6.0,3.0
Research & Development,Healthcare Representative,false,2,3,30 to 50,0-2 New Hires,1,0,0.0,6540.0,9.0,0.0,5.0
Research & Development,Healthcare Representative,false,4,1,Under 30,6+ Veterans,1,0,0.0,8853.0,2.0,3.0,0.0
Research & Development,Healthcare Representative,false,3,4,Under 30,6+ Veterans,1,0,0.0,6384.0,29.0,6.0,3.0
Research & Development,Healthcare Representative,false,2,2,30 to 50,3-5 Mid-Tenure,1,0,0.0,6870.0,5.0,2.0,3.0
Research & Development,Healthcare Representative,false,4,3,30 to 50,6+ Veterans,6,0,0.0,6332.83,6.3,6.3,3.0
Research & Development,Healthcare Representative,false,4,2,Over 50,3-5 Mid-Tenure,1,0,0.0,7005.0,24.0,2.0,2.0
Research & Development,Healthcare Representative,false,1,2,30 to 50,0-2 New Hires,2,0,0.0,5285.5,7.0,1.0,3.5
Research & Development,Healthcare Representative,true,4,3,30 to 50,6+ Veterans,3,0,0.0,9320.33,12.0,9.3,2.0
Research & Development,Healthcare Representative,true,3,2,30 to 50,6+ Veterans,1,0,0.0,11245.0,20.0,13.0,3.0
Research & Development,Healthcare Representative,false,1,3,30 to 50,6+ Veterans,1,0,0.0,6812.0,24.0,8.0,2.0
Research & Development,Healthcare Representative,true,4,2,30 to 50,6+ Veterans,1,0,0.0,4878.0,15.0,1.0,6.0
Research & Development,Healthcare Representative,false,2,4,Over 50,6+ Veterans,1,0,0.0,13734.0,3.0,0.0,6.0
Research & Development,Healthcare Representative,false,3,4,Over 50,3-5 Mid-Tenure,1,0,0.0,6755.0,1.0,2.0,2.0
Research & Development,Healthcare Representative,false,2,1,30 to 50,0-2 New Hires,1,1,100.0,4777.0,11.0,0.0,2.0
Research & Development,Healthcare Representative,false,4,1,30 to 50,6+ Veterans,5,2,40.0,9694.6,9.4,6.4,3.4
Research & Development,Healthcare Representative,true,1,2,30 to 50,0-2 New Hires,1,1,100.0,6673.0,29.0,0.0,2.0
Research & Development,Healthcare Representative,true,4,4,30 to 50,0-2 New Hires,1,0,0.0,4069.0,8.0,2.0,2.0
Research & Development,Healthcare Representative,true,3,4,Over 50,3-5 Mid-Tenure,2,0,0.0,4847.5,2.5,2.0,2.0
Research & Development,Healthcare Representative,false,3,4,30 to 50,6+ Veterans,4,0,0.0,5669.5,7.3,8.0,2.3
Research & Development,Healthcare Representative,false,3,2,Under 30,6+ Veterans,1,0,0.0,4335.0,27.0,1.0,3.0
Research & Development,Healthcare Representative,false,1,1,30 to 50,3-5 Mid-Tenure,1,0,0.0,6288.0,12.0,2.0,3.0
Research & Development,Healthcare Representative,false,2,3,30 to 50,6+ Veterans,4,0,0.0,8443.75,5.8,8.5,2.8
Research & Development,Healthcare Representative,false,2,2,Over 50,6+ Veterans,1,0,0.0,10445.0,7.0,0.0,4.0
Research & Development,Healthcare Representative,false,3,2,30 to 50,3-5 Mid-Tenure,3,0,0.0,7502.0,5.3,2.0,2.3
Research & Development,Healthcare Representative,false,3,3,30 to 50,0-2 New Hires,1,0,0.0,9824.0,10.0,0.0,4.0
Research & Development,Healthcare Representative,false,3,1,30 to 50,0-2 New Hires,3,1,33.33,8197.0,14.7,1.3,1.7
Research & Development,Healthcare Representative,true,3,4,Under 30,3-5 Mid-Tenure,1,0,0.0,6294.0,1.0,2.0,5.0
Research & Development,Healthcare Representative,false,1,4,30 to 50,3-5 Mid-Tenure,2,0,0.0,8119.0,2.0,3.5,3.0
Research & Development,Healthcare Representative,true,3,1,30 to 50,3-5 Mid-Tenure,1,0,0.0,6142.0,10.0,4.0,4.0
Research & Development,Healthcare Representative,true,1,3,30 to 50,6+ Veterans,2,0,0.0,8753.0,6.0,3.0,3.5
Research & Development,Healthcare Representative,false,1,2,Under 30,6+ Veterans,3,1,33.33,6127.67,15.0,7.0,2.0
Research & Development,Healthcare Representative,false,4,4,30 to 50,0-2 New Hires,1,0,0.0,5745.0,23.0,2.0,2.0
Research & Development,Healthcare Representative,false,4,3,30 to 50,3-5 Mid-Tenure,2,0,0.0,6590.0,8.0,2.5,4.5
Research & Development,Laboratory Technician,false,2,2,30 to 50,3-5 Mid-Tenure,5,1,20.0,2482.2,9.6,2.8,3.6
Research & Development,Laboratory Technician,false,4,3,30 to 50,3-5 Mid-Tenure,2,0,0.0,2334.0,13.0,3.5,3.0
Research & Development,Laboratory Technician,true,3,4,Under 30,6+ Veterans,1,0,0.0,4193.0,15.0,8.0,3.0
Research & Development,Laboratory Technician,false,2,3,Under 30,0-2 New Hires,2,0,0.0,2752.5,12.5,1.0,3.0
Research & Development,Laboratory Technician,false,3,2,30 to 50,0-2 New Hires,4,0,0.0,2413.5,4.3,0.0,2.8
Research & Development,Laboratory Technician,true,3,3,Under 30,3-5 Mid-Tenure,1,1,100.0,2028.0,24.0,3.0,4.0
Research & Development,Laboratory Technician,true,4,2,30 to 50,0-2 New Hires,2,1,50.0,4244.0,7.0,1.0,3.0
Research & Development,Laboratory Technician,false,1,1,30 to 50,6+ Veterans,2,1,50.0,3958.5,4.5,9.0,2.5
Research & Development,Laboratory Technician,false,2,2,30 to 50,6+ Veterans,4,0,0.0,3618.75,14.0,9.5,4.0
Research & Development,Laboratory Technician,false,2,3,30 to 50,0-2 New Hires,2,0,0.0,3792.0,7.5,1.0,2.5
Research & Development,Laboratory Technician,false,1,3,Under 30,0-2 New Hires,3,2,66.67,2091.0,11.0,0.0,3.7
Research & Development,Laboratory Technician,false,1,1,30 to 50,3-5 Mid-Tenure,3,3,100.0,3615.33,13.3,3.0,2.7
Research & Development,Laboratory Technician,false,2,4,30 to 50,0-2 New Hires,2,1,50.0,1976.0,2.0,0.0,3.0
Research & Development,Laboratory Technician,false,3,2,Over 50,6+ Veterans,1,0,0.0,2838.0,6.0,7.0,6.0
Research & Development,Laboratory Technician,false,1,1,Under 30,0-2 New Hires,2,2,100.0,3502.0,3.5,1.0,3.5
Research & Development,Laboratory Technician,true,1,1,30 to 50,3-5 Mid-Tenure,2,1,50.0,3864.0,6.5,2.5,3.0
Research & Development,Laboratory Technician,false,4,2,30 to 50,0-2 New Hires,3,0,0.0,3323.67,18.0,0.7,2.7
Research & Development,Laboratory Technician,true,1,3,Over 50,0-2 New Hires,1,0,0.0,2670.0,3.0,0.0,3.0
Research & Development,Laboratory Technician,true,3,1,30 to 50,0-2 New Hires,1,1,100.0,5381.0,1.0,0.0,2.0
Research & Development,Laboratory Technician,false,2,4,Under 30,0-2 New Hires,2,1,50.0,2168.5,17.0,0.0,2.5
Research & Development,Laboratory Technician,true,4,3,Under 30,3-5 Mid-Tenure,1,0,0.0,2659.0,6.0,2.0,2.0
Research & Development,Laboratory Technician,false,4,2,Under 30,3-5 Mid-Tenure,1,0,0.0,3983.0,9.0,2.0,2.0
Research & Development,Laboratory Technician,false,4,3,Over 50,0-2 New Hires,1,0,0.0,3212.0,2.0,2.0,3.0
Research & Development,Laboratory Technician,true,3,4,Under 30,3-5 Mid-Tenure,2,1,50.0,3071.5,4.5,2.0,2.0
Research & Development,Laboratory Technician,false,1,4,Under 30,3-5 Mid-Tenure,1,0,0.0,2062.0,7.0,2.0,2.0
Research & Development,Laboratory Technician,false,4,4,Over 50,3-5 Mid-Tenure,1,0,0.0,2075.0,9.0,3.0,4.0
Research & Development,Laboratory Technician,true,1,3,30 to 50,0-2 New Hires,1,0,0.0,4014.0,23.0,2.0,3.0
Research & Development,Laboratory Technician,false,4,3,Under 30,6+ Veterans,2,0,0.0,4609.0,3.5,6.0,4.5
Research & Development,Laboratory Technician,true,4,4,Under 30,6+ Veterans,1,1,100.0,3691.0,4.0,6.0,3.0
Research & Development,Laboratory Technician,false,3,3,30 to 50,6+ Veterans,8,0,0.0,3538.38,6.3,6.1,3.4
Research & Development,Laboratory Technician,false,2,1,30 to 50,6+ Veterans,1,0,0.0,7403.0,8.0,7.0,3.0
Research & Development,Laboratory Technician,true,1,4,30 to 50,0-2 New Hires,2,1,50.0,2495.5,11.0,2.0,2.0
Research & Development,Laboratory Technician,false,4,2,Under 30,6+ Veterans,1,0,0.0,3131.0,6.0,8.0,5.0
Research & Development,Laboratory Technician,true,2,3,30 to 50,3-5 Mid-Tenure,1,1,100.0,3743.0,14.0,2.0,2.0
Research & Development,Laboratory Technician,true,1,4,30 to 50,6+ Veterans,3,0,0.0,3649.0,10.3,11.0,3.0
Research & Development,Laboratory Technician,false,4,4,30 to 50,0-2 New Hires,2,0,0.0,2322.5,6.0,1.5,2.0
Research & Development,Laboratory Technician,false,2,1,30 to 50,3-5 Mid-Tenure,4,0,0.0,2771.75,9.0,2.5,4.3
Research & Development,Laboratory Technician,false,4,3,30 to 50,0-2 New Hires,5,0,0.0,2622.6,8.0,0.4,3.2
Research & Development,Laboratory Technician,false,4,3,Under 30,3-5 Mid-Tenure,1,1,100.0,2367.0,17.0,3.0,2.0
Research & Development,Laboratory Technician,true,4,4,Under 30,3-5 Mid-Tenure,1,0,0.0,2379.0,5.0,2.0,3.0
Research & Development,Laboratory Technician,false,1,4,Under 30,6+ Veterans,2,0,0.0,3631.0,19.0,5.0,2.5
Research & Development,Laboratory Technician,true,2,4,Under 30,3-5 Mid-Tenure,1,0,0.0,4025.0,13.0,3.0,2.0
Research & Development,Laboratory Technician,false,3,3,30 to 50,3-5 Mid-Tenure,3,0,0.0,3028.0,2.3,2.3,2.7
Research & Development,Laboratory Technician,false,3,1,Under 30,3-5 Mid-Tenure,3,0,0.0,3033.33,14.3,2.0,3.7
Research & Development,Laboratory Technician,false,4,4,30 to 50,3-5 Mid-Tenure,3,0,0.0,2280.67,7.7,2.0,1.7
Research & Development,Laboratory Technician,true,1,2,Under 30,6+ Veterans,2,1,50.0,3421.0,5.5,6.0,3.5
Research & Development,Laboratory Technician,false,2,1,Under 30,0-2 New Hires,2,1,50.0,3032.0,1.5,1.0,2.5
Research & Development,Laboratory Technician,false,1,2,Under 30,6+ Veterans,1,0,0.0,3907.0,29.0,2.0,2.0
Research & Development,Laboratory Technician,false,1,3,30 to 50,3-5 Mid-Tenure,5,0,0.0,3229.0,6.6,3.0,3.0
Research & Development,Laboratory Technician,true,1,3,30 to 50,6+ Veterans,1,0,0.0,5769.0,5.0,4.0,3.0
Research & Development,Laboratory Technician,true,4,4,Under 30,0-2 New Hires,3,1,33.33,3242.67,8.0,0.7,3.0
Research & Development,Laboratory Technician,false,3,1,Under 30,0-2 New Hires,5,4,80.0,2762.6,12.2,1.0,2.2
Research & Development,Laboratory Technician,false,4,3,Under 30,0-2 New Hires,1,0,0.0,2523.0,2.0,1.0,2.0
Research & Development,Laboratory Technician,false,3,3,30 to 50,0-2 New Hires,2,1,50.0,1945.5,9.0,1.0,4.0
Research & Development,Laboratory Technician,false,4,1,Over 50,3-5 Mid-Tenure,1,1,100.0,2587.0,24.0,0.0,3.0
Research & Development,Laboratory Technician,false,3,4,Over 50,3-5 Mid-Tenure,1,0,0.0,3149.0,11.0,4.0,3.0
Research & Development,Laboratory Technician,false,4,1,Under 30,3-5 Mid-Tenure,3,0,0.0,2974.33,4.0,3.0,3.0
Research & Development,Laboratory Technician,true,4,3,30 to 50,3-5 Mid-Tenure,2,1,50.0,3833.5,8.5,3.5,1.5
Research & Development,Laboratory Technician,true,3,2,Under 30,6+ Veterans,1,1,100.0,3339.0,7.0,7.0,2.0
Research & Development,Laboratory Technician,false,4,4,Under 30,0-2 New Hires,1,0,0.0,1611.0,1.0,0.0,5.0
Research & Development,Laboratory Technician,false,1,3,Over 50,3-5 Mid-Tenure,1,0,0.0,2950.0,8.0,4.0,2.0
Research & Development,Laboratory Technician,false,3,4,30 to 50,6+ Veterans,5,1,20.0,3939.0,11.4,5.4,2.8
Research & Development,Laboratory Technician,true,4,4,30 to 50,0-2 New Hires,2,0,0.0,1415.5,2.0,0.0,3.5
Research & Development,Laboratory Technician,false,3,1,30 to 50,0-2 New Hires,3,1,33.33,4635.33,11.7,0.7,3.0
Research & Development,Laboratory Technician,false,4,4,30 to 50,6+ Veterans,5,0,0.0,3992.4,9.0,6.6,2.2
Research & Development,Laboratory Technician,false,1,4,30 to 50,3-5 Mid-Tenure,3,1,33.33,2228.67,3.7,1.3,3.0
Research & Development,Laboratory Technician,true,4,1,30 to 50,3-5 Mid-Tenure,1,0,0.0,2818.0,8.0,2.0,2.0
Research & Development,Laboratory Technician,false,4,4,Under 30,3-5 Mid-Tenure,2,0,0.0,3158.0,15.5,3.0,6.0
Research & Development,Laboratory Technician,true,4,3,Under 30,0-2 New Hires,2,2,100.0,2427.5,18.0,0.0,3.5
Research & Development,Laboratory Technician,false,3,2,Under 30,3-5 Mid-Tenure,1,0,0.0,2774.0,18.0,2.0,2.0
Research & Development,Laboratory Technician,false,2,2,Under 30,0-2 New Hires,1,0,0.0,1483.0,3.0,0.0,3.0
Research & Development,Laboratory Technician,false,4,2,Under 30,0-2 New Hires,2,1,50.0,1986.5,8.5,0.0,4.0
Research & Development,Laboratory Technician,false,4,1,30 to 50,6+ Veterans,4,0,0.0,4854.75,10.8,7.5,3.3
Research & Development,Laboratory Technician,false,4,1,Under 30,0-2 New Hires,1,0,0.0,4364.0,1.0,0.0,2.0
Research & Development,Laboratory Technician,true,2,3,Under 30,0-2 New Hires,1,1,100.0,2408.0,24.0,0.0,3.0
Research & Development,Laboratory Technician,false,4,4,Under 30,6+ Veterans,2,0,0.0,3191.0,13.5,8.5,4.0
Research & Development,Laboratory Technician,true,3,4,30 to 50,6+ Veterans,3,0,0.0,3704.33,15.7,7.3,3.0
Research & Development,Laboratory Technician,true,3,4,30 to 50,3-5 Mid-Tenure,1,1,100.0,3730.0,1.0,2.0,2.0
Research & Development,Laboratory Technician,true,3,4,Under 30,0-2 New Hires,1,0,0.0,3977.0,2.0,2.0,2.0
Research & Development,Laboratory Technician,false,3,4,30 to 50,0-2 New Hires,4,0,0.0,3450.0,9.3,0.5,3.0
Research & Development,Laboratory Technician,false,4,1,30 to 50,3-5 Mid-Tenure,2,1,50.0,3544.5,17.5,2.5,2.5
Research & Development,Laboratory Technician,true,4,4,30 to 50,6+ Veterans,2,0,0.0,5799.0,1.0,4.0,1.5
Research & Development,Laboratory Technician,false,2,4,Under 30,3-5 Mid-Tenure,3,0,0.0,3531.0,9.0,2.7,2.3
Research & Development,Laboratory Technician,false,3,3,Under 30,0-2 New Hires,3,3,100.0,2406.0,5.0,0.7,1.7
Research & Development,Laboratory Technician,false,3,1,30 to 50,3-5 Mid-Tenure,2,0,0.0,3668.5,17.5,3.0,5.5
Research & Development,Laboratory Technician,false,1,4,30 to 50,6+ Veterans,3,1,33.33,3518.67,8.3,9.3,3.3
Research & Development,Laboratory Technician,true,4,2,Over 50,6+ Veterans,1,0,0.0,5415.0,20.0,8.0,4.0
Research & Development,Laboratory Technician,false,3,4,Under 30,3-5 Mid-Tenure,2,0,0.0,2639.5,13.0,2.0,2.5
Research & Development,Laboratory Technician,false,1,3,30 to 50,6+ Veterans,3,1,33.33,3008.67,16.7,9.3,2.7
Research & Development,Laboratory Technician,true,4,3,30 to 50,6+ Veterans,1,0,0.0,2741.0,19.0,7.0,2.0
Research & Development,Laboratory Technician,false,3,4,30 to 50,3-5 Mid-Tenure,2,0,0.0,3966.0,14.0,3.5,2.5
Research & Development,Laboratory Technician,false,3,3,Over 50,0-2 New Hires,1,0,0.0,3780.0,8.0,0.0,3.0
Research & Development,Laboratory Technician,true,1,1,30 to 50,0-2 New Hires,2,2,100.0,2860.0,2.0,0.0,2.0
Research & Development,Laboratory Technician,false,2,4,30 to 50,3-5 Mid-Tenure,2,0,0.0,2867.0,1.5,2.5,2.5
Research & Development,Laboratory Technician,false,3,2,30 to 50,6+ Veterans,3,0,0.0,4344.33,25.7,5.7,2.0
Research & Development,Laboratory Technician,true,3,1,30 to 50,6+ Veterans,1,1,100.0,6074.0,7.0,6.0,3.0
Research & Development,Laboratory Technician,false,1,1,Under 30,3-5 Mid-Tenure,1,0,0.0,3955.0,1.0,3.0,2.0
Research & Development,Laboratory Technician,false,4,2,30 to 50,3-5 Mid-Tenure,2,0,0.0,3318.5,6.0,2.0,3.5
Research & Development,Laboratory Technician,false,2,2,30 to 50,0-2 New Hires,1,0,0.0,2008.0,10.0,0.0,3.0
Research & Development,Laboratory Technician,true,4,2,30 to 50,6+ Veterans,1,1,100.0,2778.0,2.0,0.0,1.0
Research & Development,Laboratory Technician,false,2,3,30 to 50,6+ Veterans,5,0,0.0,3313.2,11.2,6.2,3.6
Research & Development,Laboratory Technician,true,2,1,Under 30,3-5 Mid-Tenure,1,1,100.0,2373.0,16.0,2.0,2.0
Research & Development,Laboratory Technician,true,3,2,30 to 50,6+ Veterans,1,0,0.0,5207.0,28.0,7.0,3.0
Research & Development,Laboratory Technician,false,4,3,30 to 50,6+ Veterans,3,0,0.0,3010.0,4.3,7.0,3.0
Research & Development,Laboratory Technician,false,2,3,Under 30,3-5 Mid-Tenure,1,0,0.0,3295.0,4.0,2.0,3.0
Research & Development,Laboratory Technician,true,3,4,30 to 50,0-2 New Hires,3,2,66.67,2637.0,12.3,0.7,2.0
Research & Development,Laboratory Technician,false,4,1,Under 30,6+ Veterans,1,0,0.0,4420.0,3.0,7.0,2.0
Research & Development,Laboratory Technician,true,4,4,Over 50,0-2 New Hires,1,1,100.0,2380.0,2.0,0.0,3.0
Research & Development,Laboratory Technician,true,1,2,Under 30,0-2 New Hires,2,2,100.0,2745.5,5.0,0.0,1.5
Research & Development,Laboratory Technician,false,3,4,Over 50,6+ Veterans,1,1,100.0,2339.0,7.0,8.0,4.0
Research & Development,Laboratory Technician,true,4,1,30 to 50,0-2 New Hires,1,1,100.0,2795.0,25.0,1.0,2.0
Research & Development,Laboratory Technician,true,3,1,Under 30,6+ Veterans,1,1,100.0,2886.0,7.0,2.0,4.0
Research & Development,Laboratory Technician,false,1,4,Under 30,0-2 New Hires,1,0,0.0,2341.0,2.0,0.0,6.0
Research & Development,Laboratory Technician,false,1,2,Under 30,3-5 Mid-Tenure,3,0,0.0,2350.0,9.3,2.3,2.7
Research & Development,Laboratory Technician,true,1,3,Under 30,0-2 New Hires,2,2,100.0,1999.5,7.0,0.0,4.0
Research & Development,Laboratory Technician,false,4,4,Over 50,0-2 New Hires,1,0,0.0,2450.0,6.0,2.0,4.0
Research & Development,Laboratory Technician,false,1,3,Under 30,6+ Veterans,3,0,0.0,3667.67,8.3,7.0,3.3
Research & Development,Laboratory Technician,false,1,2,30 to 50,3-5 Mid-Tenure,1,0,0.0,2576.0,1.0,2.0,5.0
Research & Development,Laboratory Technician,false,2,3,30 to 50,3-5 Mid-Tenure,3,1,33.33,4197.67,13.0,3.0,2.3
Research & Development,Laboratory Technician,false,4,2,30 to 50,6+ Veterans,2,0,0.0,3069.5,11.5,10.0,2.5
Research & Development,Laboratory Technician,false,2,4,30 to 50,6+ Veterans,4,0,0.0,4156.5,9.0,4.5,3.0
Research & Development,Laboratory Technician,true,3,3,Under 30,0-2 New Hires,1,1,100.0,3441.0,5.0,2.0,3.0
Research & Development,Laboratory Technician,false,3,2,30 to 50,3-5 Mid-Tenure,3,0,0.0,3528.67,11.0,2.7,2.3
Research & Development,Laboratory Technician,false,4,1,30 to 50,0-2 New Hires,3,0,0.0,2540.33,4.3,0.0,3.3
Research & Development,Manager,false,3,3,30 to 50,6+ Veterans,1,0,0.0,15379.0,1.0,0.0,2.0
Research & Development,Manager,false,4,4,Over 50,6+ Veterans,1,0,0.0,17099.0,1.0,8.0,2.0
Research & Development,Manager,true,1,3,30 to 50,6+ Veterans,1,0,0.0,17068.0,10.0,10.0,3.0
Research & Development,Manager,false,1,4,Over 50,3-5 Mid-Tenure,1,0,0.0,19943.0,4.0,2.0,2.0
Research & Development,Manager,true,1,2,30 to 50,6+ Veterans,1,0,0.0,11916.0,17.0,8.0,2.0
Research & Development,Manager,true,3,4,Over 50,3-5 Mid-Tenure,1,0,0.0,14756.0,8.0,2.0,2.0
Research & Development,Manager,false,2,3,30 to 50,3-5 Mid-Tenure,1,0,0.0,19926.0,11.0,4.0,5.0
Research & Development,Manager,false,2,2,30 to 50,0-2 New Hires,1,0,0.0,18061.0,25.0,0.0,4.0
Research & Development,Manager,false,4,3,30 to 50,0-2 New Hires,1,0,0.0,15202.0,4.0,2.0,3.0
Research & Development,Manager,false,4,4,Over 50,3-5 Mid-Tenure,1,0,0.0,16555.0,4.0,4.0,2.0
Research & Development,Manager,true,2,3,30 to 50,6+ Veterans,1,0,0.0,17123.0,13.0,2.0,4.0
Research & Development,Manager,false,3,1,30 to 50,0-2 New Hires,1,0,0.0,18711.0,4.0,0.0,2.0
Research & Development,Manager,false,4,3,30 to 50,6+ Veterans,3,0,0.0,19235.33,4.0,8.3,2.3
Research & Development,Manager,true,3,2,30 to 50,6+ Veterans,2,1,50.0,16403.5,8.0,6.5,2.5
Research & Development,Manager,true,2,1,30 to 50,6+ Veterans,1,1,100.0,11849.0,29.0,9.0,2.0
Research & Development,Manager,false,1,3,Over 50,6+ Veterans,1,0,0.0,16756.0,2.0,2.0,3.0
Research & Development,Manager,true,1,4,Over 50,6+ Veterans,1,0,0.0,19045.0,1.0,13.0,2.0
Research & Development,Manager,false,4,4,30 to 50,6+ Veterans,2,0,0.0,18302.5,15.5,5.0,3.0
Research & Development,Manager,false,1,1,30 to 50,6+ Veterans,2,0,0.0,17373.5,1.5,11.5,3.0
Research & Development,Manager,false,1,3,30 to 50,6+ Veterans,2,0,0.0,15410.5,4.5,10.5,5.0
Research & Development,Manager,false,3,2,30 to 50,6+ Veterans,1,0,0.0,17046.0,29.0,7.0,2.0
Research & Development,Manager,false,1,4,30 to 50,3-5 Mid-Tenure,1,0,0.0,15402.0,1.0,2.0,3.0
Research & Development,Manager,true,1,4,Over 50,3-5 Mid-Tenure,1,1,100.0,19859.0,2.0,4.0,2.0
Research & Development,Manager,true,3,3,30 to 50,6+ Veterans,1,0,0.0,17861.0,2.0,10.0,3.0
Research & Development,Manager,false,1,1,Over 50,6+ Veterans,1,0,0.0,19566.0,7.0,10.0,5.0
Research & Development,Manager,false,1,4,30 to 50,6+ Veterans,2,0,0.0,17423.0,6.0,7.0,2.5
Research & Development,Manager,false,3,4,Over 50,6+ Veterans,2,0,0.0,18896.5,4.5,9.0,5.5
Research & Development,Manager,false,2,2,30 to 50,6+ Veterans,1,0,0.0,11996.0,22.0,2.0,6.0
Research & Development,Manager,true,4,4,30 to 50,0-2 New Hires,1,0,0.0,19513.0,3.0,1.0,2.0
Research & Development,Manager,true,4,3,Over 50,3-5 Mid-Tenure,1,0,0.0,16659.0,2.0,2.0,2.0
Research & Development,Manager,false,4,2,Over 50,6+ Veterans,1,0,0.0,16032.0,11.0,12.0,2.0
Research & Development,Manager,false,4,1,30 to 50,3-5 Mid-Tenure,1,0,0.0,16885.0,1.0,1.0,3.0
Research & Development,Manager,false,3,1,30 to 50,6+ Veterans,2,0,0.0,19136.0,4.0,14.0,2.0
Research & Development,Manager,true,4,3,30 to 50,6+ Veterans,1,0,0.0,16752.0,2.0,0.0,3.0
Research & Development,Manager,false,4,2,30 to 50,6+ Veterans,1,0,0.0,18430.0,8.0,9.0,4.0
Research & Development,Manager,false,3,3,Over 50,6+ Veterans,2,0,0.0,19546.5,3.0,8.5,4.0
Research & Development,Manager,false,2,4,30 to 50,6+ Veterans,1,0,0.0,11878.0,5.0,8.0,2.0
Research & Development,Manager,false,3,4,30 to 50,6+ Veterans,1,0,0.0,19033.0,4.0,9.0,2.0
Research & Development,Manager,false,1,4,30 to 50,0-2 New Hires,1,0,0.0,17856.0,2.0,2.0,3.0
Research & Development,Manager,false,4,4,30 to 50,0-2 New Hires,1,0,0.0,19613.0,9.0,1.0,2.0
Research & Development,Manager,false,4,1,30 to 50,6+ Veterans,1,0,0.0,16792.0,2.0,8.0,1.0
Research & Development,Manager,false,3,1,Over 50,0-2 New Hires,1,0,0.0,13116.0,3.0,2.0,2.0
Research & Development,Manager,false,3,2,Over 50,6+ Veterans,1,0,0.0,17426.0,22.0,7.0,6.0
Research & Development,Manager,false,4,3,30 to 50,3-5 Mid-Tenure,1,0,0.0,11244.0,10.0,0.0,5.0
Research & Development,Manufacturing Director,false,1,4,Over 50,3-5 Mid-Tenure,1,0,0.0,4450.0,13.0,3.0,3.0
Research & Development,Manufacturing Director,true,3,2,30 to 50,0-2 New Hires,2,1,50.0,8062.5,12.5,1.5,1.5
Research & Development,Manufacturing Director,false,4,3,30 to 50,3-5 Mid-Tenure,1,0,0.0,6091.0,2.0,2.0,2.0
Research & Development,Manufacturing Director,false,4,2,30 to 50,6+ Veterans,3,0,0.0,6386.33,9.3,5.7,3.7
Research & Development,Manufacturing Director,true,1,1,30 to 50,6+ Veterans,1,0,0.0,5980.0,2.0,12.0,2.0
Research & Development,Manufacturing Director,true,3,2,Under 30,3-5 Mid-Tenure,1,1,100.0,4171.0,3.0,2.0,3.0
Research & Development,Manufacturing Director,false,2,3,30 to 50,6+ Veterans,5,1,20.0,8338.2,3.6,7.4,3.4
Research & Development,Manufacturing Director,true,4,3,30 to 50,6+ Veterans,1,0,0.0,7143.0,7.0,10.0,2.0
Research & Development,Manufacturing Director,false,3,1,30 to 50,3-5 Mid-Tenure,1,0,0.0,6434.0,7.0,2.0,1.0
Research & Development,Manufacturing Director,true,4,4,30 to 50,6+ Veterans,1,0,0.0,6804.0,18.0,7.0,0.0
Research & Development,Manufacturing Director,true,4,4,30 to 50,3-5 Mid-Tenure,1,0,0.0,6062.0,1.0,2.0,4.0
Research & Development,Manufacturing Director,false,2,3,30 to 50,3-5 Mid-Tenure,1,1,100.0,4855.0,2.0,4.0,2.0
Research & Development,Manufacturing Director,false,1,3,30 to 50,3-5 Mid-Tenure,1,0,0.0,4148.0,1.0,3.0,1.0
Research & Development,Manufacturing Director,false,1,1,30 to 50,6+ Veterans,1,0,0.0,5151.0,9.0,9.0,3.0
Research & Development,Manufacturing Director,false,4,4,Under 30,6+ Veterans,1,0,0.0,5472.0,2.0,3.0,2.0
Research & Development,Manufacturing Director,true,2,4,30 to 50,3-5 Mid-Tenure,2,0,0.0,5410.0,11.0,2.0,2.5
Research & Development,Manufacturing Director,false,3,1,30 to 50,6+ Veterans,6,0,0.0,6832.0,9.0,7.2,2.7
Research & Development,Manufacturing Director,false,2,4,Over 50,3-5 Mid-Tenure,3,0,0.0,9866.67,5.0,2.3,2.7
Research & Development,Manufacturing Director,true,4,2,Under 30,6+ Veterans,1,0,0.0,5056.0,8.0,2.0,2.0
Research & Development,Manufacturing Director,true,4,3,30 to 50,3-5 Mid-Tenure,1,0,0.0,7945.0,16.0,3.0,2.0
Research & Development,Manufacturing Director,false,1,4,30 to 50,6+ Veterans,2,1,50.0,5085.0,6.0,8.5,3.5
Research & Development,Manufacturing Director,false,2,1,30 to 50,0-2 New Hires,1,0,0.0,4765.0,8.0,0.0,2.0
Research & Development,Manufacturing Director,false,1,3,Under 30,0-2 New Hires,1,0,0.0,4298.0,1.0,0.0,1.0
Research & Development,Manufacturing Director,true,2,2,Under 30,6+ Veterans,1,0,0.0,6142.0,4.0,3.0,0.0
Research & Development,Manufacturing Director,false,1,2,30 to 50,6+ Veterans,3,0,0.0,6539.67,7.3,8.7,3.3
Research & Development,Manufacturing Director,false,3,2,30 to 50,6+ Veterans,1,0,0.0,13237.0,6.0,13.0,3.0
Research & Development,Manufacturing Director,true,3,4,30 to 50,6+ Veterans,3,1,33.33,10279.0,18.3,9.0,2.3
Research & Development,Manufacturing Director,false,3,4,30 to 50,0-2 New Hires,2,0,0.0,5778.0,4.5,0.5,4.5
Research & Development,Manufacturing Director,true,4,2,30 to 50,3-5 Mid-Tenure,1,0,0.0,9380.0,29.0,2.0,4.0
Research & Development,Manufacturing Director,false,2,2,30 to 50,6+ Veterans,3,0,0.0,5793.33,13.7,4.7,2.7
Research & Development,Manufacturing Director,false,4,3,30 to 50,0-2 New Hires,1,0,0.0,9362.0,18.0,2.0,2.0
Research & Development,Manufacturing Director,true,3,3,30 to 50,3-5 Mid-Tenure,1,0,0.0,4663.0,12.0,1.0,2.0
Research & Development,Manufacturing Director,false,4,4,Under 30,0-2 New Hires,1,0,0.0,4775.0,1.0,2.0,2.0
Research & Development,Manufacturing Director,false,4,1,Over 50,3-5 Mid-Tenure,1,1,100.0,10650.0,8.0,3.0,2.0
Research & Development,Manufacturing Director,false,2,2,30 to 50,3-5 Mid-Tenure,1,0,0.0,4941.0,6.0,1.0,0.0
Research & Development,Manufacturing Director,true,3,3,30 to 50,6+ Veterans,2,0,0.0,4881.0,12.5,7.0,3.0
Research & Development,Manufacturing Director,false,3,4,Under 30,3-5 Mid-Tenure,1,0,0.0,4377.0,17.0,2.0,6.0
Research & Development,Manufacturing Director,false,3,4,Under 30,6+ Veterans,2,0,0.0,4762.5,1.5,8.0,3.5
Research & Development,Manufacturing Director,false,3,3,30 to 50,6+ Veterans,6,0,0.0,8007.33,6.7,7.8,2.8
Research & Development,Manufacturing Director,false,3,3,30 to 50,3-5 Mid-Tenure,3,0,0.0,5126.0,13.7,2.7,3.0
Research & Development,Manufacturing Director,false,1,4,Under 30,6+ Veterans,1,0,0.0,8793.0,10.0,7.0,4.0
Research & Development,Manufacturing Director,false,3,3,Over 50,6+ Veterans,1,0,0.0,10739.0,17.0,8.0,2.0
Research & Development,Manufacturing Director,false,4,3,Over 50,6+ Veterans,2,1,50.0,11997.5,13.5,4.5,3.5
Research & Development,Manufacturing Director,false,3,4,Over 50,3-5 Mid-Tenure,1,0,0.0,10502.0,1.0,4.0,2.0
Research & Development,Manufacturing Director,false,2,4,Under 30,6+ Veterans,1,0,0.0,7655.0,3.0,7.0,3.0
Research & Development,Manufacturing Director,false,2,3,Under 30,6+ Veterans,2,0,0.0,6473.0,15.0,5.5,4.0
Research & Development,Manufacturing Director,false,4,4,30 to 50,6+ Veterans,9,0,0.0,7811.89,6.4,7.3,2.7
Research & Development,Manufacturing Director,false,3,2,Over 50,0-2 New Hires,1,0,0.0,6132.0,7.0,0.0,2.0
Research & Development,Manufacturing Director,false,3,4,30 to 50,6+ Veterans,4,0,0.0,9200.25,14.8,7.8,2.5
Research & Development,Manufacturing Director,false,1,2,Under 30,6+ Veterans,1,0,0.0,9980.0,21.0,8.0,1.0
Research & Development,Manufacturing Director,true,1,3,Over 50,3-5 Mid-Tenure,1,0,0.0,4440.0,10.0,4.0,3.0
Research & Development,Manufacturing Director,true,1,4,30 to 50,6+ Veterans,2,0,0.0,9143.0,23.0,8.0,3.5
Research & Development,Manufacturing Director,false,4,4,Over 50,6+ Veterans,2,0,0.0,8886.0,12.5,3.0,4.5
Research & Development,Manufacturing Director,false,4,4,30 to 50,3-5 Mid-Tenure,1,0,0.0,5238.0,24.0,4.0,3.0
Research & Development,Manufacturing Director,false,3,3,30 to 50,0-2 New Hires,1,0,0.0,5258.0,7.0,0.0,2.0
Research & Development,Manufacturing Director,false,2,4,30 to 50,3-5 Mid-Tenure,3,0,0.0,4915.33,13.7,1.3,2.7
Research & Development,Manufacturing Director,false,1,2,Under 30,3-5 Mid-Tenure,1,0,0.0,4877.0,27.0,0.0,5.0
Research & Development,Manufacturing Director,false,4,1,30 to 50,6+ Veterans,1,0,0.0,7779.0,18.0,9.0,0.0
Research & Development,Manufacturing Director,true,1,3,Over 50,6+ Veterans,1,1,100.0,10008.0,7.0,9.0,0.0
Research & Development,Manufacturing Director,false,4,1,30 to 50,3-5 Mid-Tenure,1,0,0.0,5070.0,2.0,4.0,2.0
Research & Development,Manufacturing Director,false,3,4,30 to 50,3-5 Mid-Tenure,2,0,0.0,4203.5,1.5,2.0,4.5
Research & Development,Manufacturing Director,true,4,1,30 to 50,6+ Veterans,1,0,0.0,6162.0,1.0,8.0,3.0
Research & Development,Manufacturing Director,false,2,4,30 to 50,6+ Veterans,1,0,0.0,10903.0,25.0,8.0,2.0
Research & Development,Manufacturing Director,false,1,2,30 to 50,0-2 New Hires,1,0,0.0,5121.0,8.0,0.0,3.0
Research & Development,Manufacturing Director,true,2,3,30 to 50,6+ Veterans,2,0,0.0,7871.5,3.0,11.0,3.0
Research & Development,Manufacturing Director,true,1,4,Over 50,3-5 Mid-Tenure,1,0,0.0,5485.0,19.0,4.0,4.0
Research & Development,Manufacturing Director,true,1,2,30 to 50,0-2 New Hires,1,0,0.0,6516.0,8.0,0.0,3.0
Research & Development,Manufacturing Director,false,2,1,30 to 50,3-5 Mid-Tenure,1,0,0.0,4325.0,1.0,3.0,2.0
Research & Development,Manufacturing Director,true,2,2,30 to 50,3-5 Mid-Tenure,1,0,0.0,8847.0,9.0,2.0,2.0
Research & Development,Manufacturing Director,true,3,4,Over 50,3-5 Mid-Tenure,2,0,0.0,10608.0,15.5,3.0,3.5
Research & Development,Manufacturing Director,true,4,3,Over 50,3-5 Mid-Tenure,1,0,0.0,13726.0,2.0,3.0,4.0
Research & Development,Manufacturing Director,true,1,3,30 to 50,6+ Veterans,1,0,0.0,10252.0,1.0,7.0,2.0
Research & Development,Manufacturing Director,true,3,4,30 to 50,3-5 Mid-Tenure,1,0,0.0,7756.0,2.0,2.0,6.0
Research & Development,Manufacturing Director,false,4,4,30 to 50,0-2 New Hires,1,0,0.0,9679.0,5.0,0.0,1.0
Research & Development,Manufacturing Director,true,2,3,30 to 50,0-2 New Hires,1,0,0.0,4197.0,10.0,1.0,2.0
Research & Development,Manufacturing Director,false,4,1,Under 30,3-5 Mid-Tenure,1,0,0.0,4227.0,2.0,2.0,2.0
Research & Development,Manufacturing Director,true,3,1,Over 50,3-5 Mid-Tenure,1,0,0.0,12965.0,1.0,2.0,2.0
Research & Development,Manufacturing Director,false,4,3,30 to 50,6+ Veterans,2,0,0.0,4574.0,9.0,5.0,2.5
Research & Development,Manufacturing Director,false,2,2,30 to 50,0-2 New Hires,1,0,0.0,8376.0,6.0,2.0,3.0
Research & Development,Manufacturing Director,false,4,4,Under 30,3-5 Mid-Tenure,1,0,0.0,4262.0,19.0,2.0,2.0
Research & Development,Manufacturing Director,true,2,4,Over 50,6+ Veterans,1,0,0.0,13402.0,23.0,9.0,0.0
Research & Development,Manufacturing Director,false,3,1,30 to 50,0-2 New Hires,1,1,100.0,10048.0,10.0,0.0,5.0
Research & Development,Manufacturing Director,false,2,1,30 to 50,6+ Veterans,1,0,0.0,13570.0,28.0,10.0,3.0
Research & Development,Manufacturing Director,true,4,3,30 to 50,0-2 New Hires,1,0,0.0,6877.0,2.0,0.0,4.0
Research & Development,Manufacturing Director,false,1,3,30 to 50,6+ Veterans,4,0,0.0,8517.25,17.5,4.3,1.5
Research & Development,Manufacturing Director,false,1,3,Under 30,6+ Veterans,1,0,0.0,7412.0,1.0,7.0,3.0
Research & Development,Manufacturing Director,true,3,3,30 to 50,0-2 New Hires,1,0,0.0,7861.0,1.0,0.0,4.0
Research & Development,Manufacturing Director,false,3,1,Under 30,3-5 Mid-Tenure,2,0,0.0,4454.5,6.0,2.5,4.0
Research & Development,Research Director,false,1,3,30 to 50,6+ Veterans,1,0,0.0,13348.0,6.0,7.0,3.0
Research & Development,Research Director,true,4,2,30 to 50,0-2 New Hires,1,0,0.0,16627.0,6.0,0.0,3.0
Research & Development,Research Director,false,2,4,30 to 50,6+ Veterans,3,0,0.0,16708.67,15.3,7.7,3.3
Research & Development,Research Director,false,1,4,30 to 50,6+ Veterans,3,0,0.0,14393.0,15.3,13.0,2.3
Research & Development,Research Director,false,4,3,30 to 50,6+ Veterans,2,0,0.0,15449.5,3.0,7.0,4.0
Research & Development,Research Director,true,4,3,30 to 50,0-2 New Hires,1,0,0.0,19328.0,2.0,2.0,3.0
Research & Development,Research Director,true,2,4,Over 50,6+ Veterans,1,1,100.0,19246.0,2.0,8.0,2.0
Research & Development,Research Director,false,3,1,30 to 50,3-5 Mid-Tenure,2,0,0.0,15762.5,4.5,1.5,2.5
Research & Development,Research Director,false,2,3,30 to 50,6+ Veterans,1,0,0.0,11957.0,1.0,12.0,3.0
Research & Development,Research Director,true,1,4,Over 50,6+ Veterans,1,0,0.0,19701.0,1.0,5.0,3.0
Research & Development,Research Director,false,4,4,30 to 50,0-2 New Hires,2,0,0.0,18946.0,1.0,1.0,1.5
Research & Development,Research Director,false,3,1,30 to 50,6+ Veterans,4,0,0.0,18052.0,3.5,7.8,2.8
Research & Development,Research Director,false,3,2,30 to 50,0-2 New Hires,1,0,0.0,13675.0,3.0,2.0,3.0
Research & Development,Research Director,true,1,4,30 to 50,0-2 New Hires,1,0,0.0,13245.0,6.0,0.0,3.0
Research & Development,Research Director,false,4,2,Over 50,6+ Veterans,1,0,0.0,14732.0,1.0,0.0,4.0
Research & Development,Research Director,false,3,3,Over 50,3-5 Mid-Tenure,1,0,0.0,14814.0,7.0,3.0,3.0
Research & Development,Research Director,false,4,2,30 to 50,3-5 Mid-Tenure,1,0,0.0,19161.0,2.0,3.0,3.0
Research & Development,Research Director,true,1,2,30 to 50,6+ Veterans,1,0,0.0,11416.0,8.0,7.0,4.0
Research & Development,Research Director,false,2,4,30 to 50,3-5 Mid-Tenure,1,0,0.0,19081.0,15.0,3.0,2.0
Research & Development,Research Director,false,1,1,Over 50,3-5 Mid-Tenure,1,0,0.0,19406.0,5.0,2.0,4.0
Research & Development,Research Director,false,4,4,Over 50,6+ Veterans,3,0,0.0,16460.67,9.0,8.0,1.7
Research & Development,Research Director,false,1,2,30 to 50,3-5 Mid-Tenure,1,0,0.0,17159.0,14.0,0.0,3.0
Research & Development,Research Director,true,4,3,30 to 50,6+ Veterans,3,0,0.0,13221.67,15.7,8.7,2.3
Research & Development,Research Director,false,3,3,30 to 50,6+ Veterans,4,0,0.0,14987.75,11.5,8.8,2.5
Research & Development,Research Director,true,1,3,30 to 50,3-5 Mid-Tenure,1,0,0.0,18665.0,10.0,2.0,4.0
Research & Development,Research Director,true,2,1,30 to 50,6+ Veterans,1,0,0.0,18172.0,1.0,7.0,1.0
Research & Development,Research Director,true,3,2,30 to 50,6+ Veterans,2,0,0.0,18988.5,4.5,7.5,2.0
Research & Development,Research Director,false,4,4,Under 30,6+ Veterans,1,0,0.0,16124.0,1.0,7.0,2.0
Research & Development,Research Director,true,4,1,30 to 50,6+ Veterans,1,0,0.0,13458.0,1.0,12.0,1.0
Research & Development,Research Director,false,3,3,30 to 50,3-5 Mid-Tenure,2,0,0.0,15551.5,6.0,2.5,3.0
Research & Development,Research Director,false,3,1,Over 50,6+ Veterans,1,0,0.0,19537.0,6.0,15.0,5.0
Research & Development,Research Director,false,3,4,30 to 50,3-5 Mid-Tenure,1,0,0.0,18300.0,5.0,1.0,2.0
Research & Development,Research Director,false,1,2,30 to 50,6+ Veterans,1,0,0.0,17007.0,15.0,9.0,3.0
Research & Development,Research Director,false,4,1,30 to 50,0-2 New Hires,1,0,0.0,15992.0,23.0,0.0,2.0
Research & Development,Research Director,true,4,3,Under 30,6+ Veterans,1,0,0.0,12808.0,5.0,8.0,3.0
Research & Development,Research Director,false,3,2,30 to 50,6+ Veterans,4,1,25.0,16555.75,9.5,10.5,2.3
Research & Development,Research Director,true,3,4,30 to 50,6+ Veterans,1,0,0.0,19502.0,18.0,9.0,5.0
Research & Development,Research Director,false,1,3,Over 50,0-2 New Hires,1,0,0.0,19038.0,2.0,0.0,2.0
Research & Development,Research Director,true,4,1,30 to 50,3-5 Mid-Tenure,1,0,0.0,13603.0,1.0,2.0,2.0
Research & Development,Research Director,false,3,1,Over 50,3-5 Mid-Tenure,1,0,0.0,13549.0,2.0,3.0,5.0
Research & Development,Research Director,true,1,4,30 to 50,3-5 Mid-Tenure,1,0,0.0,16880.0,28.0,2.0,2.0
Research & Development,Research Director,false,2,3,Over 50,6+ Veterans,1,0,0.0,18722.0,14.0,15.0,3.0
Research & Development,Research Director,false,2,1,30 to 50,3-5 Mid-Tenure,2,0,0.0,16417.5,15.0,1.0,2.5
Research & Development,Research Director,true,3,1,Over 50,0-2 New Hires,1,0,0.0,15787.0,15.0,2.0,3.0
Research & Development,Research Director,false,4,4,30 to 50,3-5 Mid-Tenure,1,0,0.0,17399.0,1.0,3.0,1.0
Research & Development,Research Director,false,3,2,Under 30,6+ Veterans,1,0,0.0,11935.0,3.0,7.0,2.0
Research & Development,Research Director,false,1,1,30 to 50,6+ Veterans,1,0,0.0,11713.0,8.0,5.0,2.0
Research & Development,Research Director,true,3,3,Over 50,3-5 Mid-Tenure,1,0,0.0,17584.0,3.0,3.0,5.0
Research & Development,Research Director,false,2,1,30 to 50,6+ Veterans,4,0,0.0,14383.75,12.0,6.8,3.3
Research & Development,Research Director,false,2,2,Over 50,6+ Veterans,1,0,0.0,12490.0,8.0,7.0,5.0
Research & Development,Research Director,true,4,2,30 to 50,6+ Veterans,2,0,0.0,15617.0,9.0,8.5,2.5
Research & Development,Research Director,true,1,1,30 to 50,0-2 New Hires,1,0,0.0,13191.0,26.0,0.0,6.0
Research & Development,Research Director,false,2,4,Over 50,6+ Veterans,1,0,0.0,16598.0,2.0,8.0,2.0
Research & Development,Research Scientist,true,1,2,30 to 50,6+ Veterans,3,1,33.33,3347.33,15.3,5.0,2.7
Research & Development,Research Scientist,false,4,2,30 to 50,0-2 New Hires,1,0,0.0,5484.0,1.0,1.0,3.0
Research & Development,Research Scientist,true,4,3,Under 30,0-2 New Hires,1,1,100.0,2853.0,3.0,0.0,5.0
Research & Development,Research Scientist,false,3,4,Over 50,0-2 New Hires,1,1,100.0,2479.0,2.0,0.0,4.0
Research & Development,Research Scientist,false,2,4,Under 30,0-2 New Hires,3,0,0.0,2318.67,3.7,1.0,1.3
Research & Development,Research Scientist,true,4,1,30 to 50,3-5 Mid-Tenure,1,0,0.0,4930.0,2.0,4.0,2.0
Research & Development,Research Scientist,false,3,4,30 to 50,3-5 Mid-Tenure,2,0,0.0,2627.5,4.5,3.5,2.5
Research & Development,Research Scientist,true,3,4,30 to 50,6+ Veterans,2,0,0.0,3953.5,2.5,3.5,2.5
Research & Development,Research Scientist,true,3,4,Under 30,6+ Veterans,1,1,100.0,2394.0,17.0,7.0,2.0
Research & Development,Research Scientist,false,2,2,Under 30,3-5 Mid-Tenure,1,0,0.0,2226.0,2.0,2.0,3.0
Research & Development,Research Scientist,true,3,1,30 to 50,3-5 Mid-Tenure,3,2,66.67,3013.67,11.3,2.0,2.0
Research & Development,Research Scientist,true,3,2,Under 30,0-2 New Hires,1,0,0.0,2933.0,1.0,0.0,3.0
Research & Development,Research Scientist,true,2,1,Under 30,0-2 New Hires,1,1,100.0,1859.0,10.0,0.0,2.0
Research & Development,Research Scientist,true,4,1,Under 30,3-5 Mid-Tenure,1,1,100.0,3464.0,2.0,2.0,4.0
Research & Development,Research Scientist,true,4,1,30 to 50,6+ Veterans,1,0,0.0,6322.0,9.0,5.0,2.0
Research & Development,Research Scientist,false,1,4,30 to 50,6+ Veterans,4,0,0.0,4300.25,3.0,5.5,3.0
Research & Development,Research Scientist,true,3,2,30 to 50,3-5 Mid-Tenure,1,0,0.0,2127.0,5.0,3.0,5.0
Research & Development,Research Scientist,false,2,1,30 to 50,0-2 New Hires,1,1,100.0,1261.0,8.0,0.0,3.0
Research & Development,Research Scientist,false,4,3,Over 50,0-2 New Hires,2,0,0.0,2450.0,2.0,0.0,3.0
Research & Development,Research Scientist,true,4,3,Under 30,6+ Veterans,1,0,0.0,2875.0,4.0,2.0,2.0
Research & Development,Research Scientist,true,4,2,Under 30,3-5 Mid-Tenure,1,0,0.0,2168.0,15.0,3.0,2.0
Research & Development,Research Scientist,false,2,4,Under 30,6+ Veterans,2,0,0.0,2785.0,9.5,2.0,2.0
Research & Development,Research Scientist,true,2,3,30 to 50,3-5 Mid-Tenure,1,1,100.0,2342.0,1.0,3.0,2.0
Research & Development,Research Scientist,true,1,4,30 to 50,3-5 Mid-Tenure,6,2,33.33,3997.5,11.8,2.5,2.7
Research & Development,Research Scientist,false,3,1,Over 50,3-5 Mid-Tenure,2,0,0.0,2919.5,9.0,3.0,5.0
Research & Development,Research Scientist,false,4,3,Under 30,0-2 New Hires,3,0,0.0,2224.0,13.0,1.3,4.7
Research & Development,Research Scientist,false,1,3,30 to 50,0-2 New Hires,2,0,0.0,2845.5,10.0,0.0,2.5
Research & Development,Research Scientist,false,1,2,30 to 50,0-2 New Hires,1,0,0.0,9724.0,7.0,0.0,2.0
Research & Development,Research Scientist,true,1,4,Over 50,6+ Veterans,1,0,0.0,5577.0,6.0,9.0,3.0
Research & Development,Research Scientist,false,4,4,30 to 50,0-2 New Hires,2,0,0.0,4291.0,14.5,1.0,2.0
Research & Development,Research Scientist,false,3,1,Under 30,0-2 New Hires,3,0,0.0,2613.67,5.7,1.3,2.7
Research & Development,Research Scientist,true,1,4,30 to 50,6+ Veterans,1,0,0.0,4615.0,8.0,7.0,2.0
Research & Development,Research Scientist,false,1,3,Under 30,0-2 New Hires,1,0,0.0,2552.0,9.0,0.0,4.0
Research & Development,Research Scientist,false,2,2,30 to 50,6+ Veterans,5,0,0.0,4124.0,9.8,7.4,2.6
Research & Development,Research Scientist,false,3,4,Under 30,0-2 New Hires,2,0,0.0,1648.0,5.5,1.5,2.0
Research & Development,Research Scientist,false,1,1,Over 50,3-5 Mid-Tenure,1,0,0.0,2066.0,1.0,0.0,3.0
Research & Development,Research Scientist,false,4,2,Under 30,0-2 New Hires,1,0,0.0,1051.0,5.0,0.0,2.0
Research & Development,Research Scientist,true,1,4,Under 30,0-2 New Hires,2,2,100.0,2502.0,10.5,0.0,3.5
Research & Development,Research Scientist,true,4,2,30 to 50,0-2 New Hires,1,0,0.0,2515.0,2.0,2.0,2.0
Research & Development,Research Scientist,false,3,2,Over 50,6+ Veterans,1,0,0.0,4900.0,1.0,8.0,2.0
Research & Development,Research Scientist,false,4,4,Under 30,0-2 New Hires,3,1,33.33,2429.33,9.3,0.3,3.7
Research & Development,Research Scientist,false,4,2,30 to 50,6+ Veterans,5,0,0.0,3961.2,9.8,6.4,3.6
Research & Development,Research Scientist,false,3,2,Under 30,3-5 Mid-Tenure,1,0,0.0,3517.0,8.0,2.0,0.0
Research & Development,Research Scientist,true,3,1,Over 50,6+ Veterans,1,1,100.0,2461.0,4.0,7.0,2.0
Research & Development,Research Scientist,true,4,3,30 to 50,3-5 Mid-Tenure,2,0,0.0,4375.0,8.5,2.5,2.0
Research & Development,Research Scientist,true,2,2,Over 50,0-2 New Hires,1,0,0.0,3346.0,9.0,0.0,3.0
Research & Development,Research Scientist,true,4,2,30 to 50,6+ Veterans,2,0,0.0,4475.5,3.5,6.0,3.0
Research & Development,Research Scientist,false,3,1,30 to 50,6+ Veterans,4,1,25.0,3595.25,18.0,8.8,2.8
Research & Development,Research Scientist,false,3,3,Under 30,6+ Veterans,3,1,33.33,2806.0,11.3,6.3,2.7
Research & Development,Research Scientist,false,4,1,30 to 50,6+ Veterans,7,0,0.0,3568.43,10.7,6.7,2.7
Research & Development,Research Scientist,true,3,3,30 to 50,3-5 Mid-Tenure,1,0,0.0,3506.0,6.0,2.0,3.0
Research & Development,Research Scientist,true,1,1,Under 30,6+ Veterans,1,0,0.0,2235.0,14.0,8.0,3.0
Research & Development,Research Scientist,false,1,1,30 to 50,0-2 New Hires,1,1,100.0,2107.0,5.0,0.0,2.0
Research & Development,Research Scientist,false,4,3,30 to 50,0-2 New Hires,2,0,0.0,2945.0,4.0,1.0,2.0
Research & Development,Research Scientist,false,3,2,30 to 50,0-2 New Hires,1,0,0.0,2274.0,2.0,0.0,3.0
Research & Development,Research Scientist,false,4,1,Under 30,3-5 Mid-Tenure,4,0,0.0,3148.75,7.3,1.5,2.5
Research & Development,Research Scientist,false,4,2,Under 30,6+ Veterans,1,0,0.0,2720.0,1.0,8.0,5.0
Research & Development,Research Scientist,false,2,3,Under 30,3-5 Mid-Tenure,2,0,0.0,2535.5,4.0,3.5,3.0
Research & Development,Research Scientist,true,2,4,Under 30,0-2 New Hires,2,1,50.0,2271.0,4.0,1.0,4.0
Research & Development,Research Scientist,true,3,4,30 to 50,3-5 Mid-Tenure,2,0,0.0,4066.0,6.5,1.0,3.0
Research & Development,Research Scientist,true,3,1,30 to 50,6+ Veterans,1,0,0.0,4081.0,6.0,8.0,3.0
Research & Development,Research Scientist,false,1,4,Under 30,0-2 New Hires,1,0,0.0,2109.0,4.0,0.0,2.0
Research & Development,Research Scientist,false,2,1,Under 30,3-5 Mid-Tenure,1,0,0.0,3201.0,2.0,4.0,2.0
Research & Development,Research Scientist,false,1,4,30 to 50,3-5 Mid-Tenure,3,0,0.0,2879.67,2.7,2.3,3.0
Research & Development,Research Scientist,true,4,1,Under 30,6+ Veterans,1,0,0.0,3760.0,2.0,3.0,2.0
Research & Development,Research Scientist,true,4,3,30 to 50,0-2 New Hires,3,1,33.33,3134.0,10.7,0.7,3.0
Research & Development,Research Scientist,false,4,2,30 to 50,3-5 Mid-Tenure,5,0,0.0,3715.2,6.6,2.6,2.4
Research & Development,Research Scientist,true,2,2,Over 50,3-5 Mid-Tenure,1,1,100.0,4963.0,14.0,3.0,2.0
Research & Development,Research Scientist,true,4,2,Under 30,0-2 New Hires,2,1,50.0,2643.5,13.0,0.5,2.0
Research & Development,Research Scientist,false,2,3,Under 30,0-2 New Hires,1,1,100.0,2546.0,25.0,1.0,2.0
Research & Development,Research Scientist,false,3,4,30 to 50,6+ Veterans,3,1,33.33,3728.0,9.3,7.0,2.3
Research & Development,Research Scientist,true,2,1,30 to 50,6+ Veterans,1,0,0.0,3298.0,5.0,5.0,5.0
Research & Development,Research Scientist,true,2,1,30 to 50,0-2 New Hires,1,1,100.0,2313.0,25.0,2.0,0.0
Research & Development,Research Scientist,false,1,3,30 to 50,3-5 Mid-Tenure,3,1,33.33,3801.33,8.3,2.3,2.0
Research & Development,Research Scientist,false,1,2,30 to 50,3-5 Mid-Tenure,2,1,50.0,2577.0,3.5,2.5,2.0
Research & Development,Research Scientist,true,2,3,30 to 50,0-2 New Hires,1,0,0.0,2657.0,9.0,2.0,5.0
Research & Development,Research Scientist,false,4,1,Under 30,0-2 New Hires,1,0,0.0,2061.0,3.0,0.0,5.0
Research & Development,Research Scientist,true,2,4,30 to 50,6+ Veterans,3,1,33.33,2578.0,11.3,7.3,2.7
Research & Development,Research Scientist,false,2,2,30 to 50,0-2 New Hires,1,0,0.0,3022.0,19.0,0.0,1.0
Research & Development,Research Scientist,false,4,3,Under 30,3-5 Mid-Tenure,3,0,0.0,2553.67,16.0,2.3,3.3
Research & Development,Research Scientist,false,2,3,30 to 50,3-5 Mid-Tenure,1,0,0.0,2622.0,4.0,1.0,3.0
Research & Development,Research Scientist,false,1,3,Under 30,6+ Veterans,1,1,100.0,3102.0,3.0,4.0,2.0
Research & Development,Research Scientist,false,3,3,30 to 50,3-5 Mid-Tenure,5,0,0.0,3220.6,6.8,2.2,2.0
Research & Development,Research Scientist,true,4,4,30 to 50,6+ Veterans,3,1,33.33,3503.0,11.3,4.3,2.7
Research & Development,Research Scientist,false,2,1,Over 50,3-5 Mid-Tenure,1,0,0.0,3537.0,22.0,2.0,1.0
Research & Development,Research Scientist,false,2,3,30 to 50,6+ Veterans,4,0,0.0,4693.5,7.0,7.0,2.8
Research & Development,Research Scientist,false,4,3,30 to 50,6+ Veterans,2,0,0.0,4056.5,15.5,5.5,3.0
Research & Development,Research Scientist,true,3,3,30 to 50,0-2 New Hires,2,2,100.0,2598.0,18.0,1.0,3.0
Research & Development,Research Scientist,true,3,3,Under 30,3-5 Mid-Tenure,1,0,0.0,2703.0,6.0,2.0,2.0
Research & Development,Research Scientist,false,3,3,30 to 50,6+ Veterans,1,0,0.0,2936.0,10.0,3.0,1.0
Research & Development,Research Scientist,true,1,3,30 to 50,3-5 Mid-Tenure,3,1,33.33,2728.33,4.3,2.3,1.3
Research & Development,Research Scientist,false,2,3,Over 50,6+ Veterans,1,1,100.0,4941.0,8.0,7.0,3.0
Research & Development,Research Scientist,false,3,2,30 to 50,3-5 Mid-Tenure,1,0,0.0,4739.0,28.0,2.0,2.0
Research & Development,Research Scientist,false,3,2,30 to 50,6+ Veterans,3,0,0.0,3777.67,5.7,6.7,3.7
Research & Development,Research Scientist,true,2,3,Under 30,3-5 Mid-Tenure,2,0,0.0,2768.0,11.0,1.5,2.5
Research & Development,Research Scientist,false,4,3,30 to 50,3-5 Mid-Tenure,3,0,0.0,2676.67,6.3,2.0,3.3
Research & Development,Research Scientist,true,3,3,Under 30,6+ Veterans,1,1,100.0,2366.0,5.0,7.0,2.0
Research & Development,Research Scientist,false,2,4,30 to 50,3-5 Mid-Tenure,2,0,0.0,2865.5,23.5,2.5,3.0
Research & Development,Research Scientist,false,3,3,Under 30,0-2 New Hires,3,1,33.33,3070.0,6.7,1.0,2.3
Research & Development,Research Scientist,false,3,1,Over 50,0-2 New Hires,1,0,0.0,2372.0,23.0,2.0,3.0
Research & Development,Research Scientist,true,1,3,30 to 50,6+ Veterans,1,0,0.0,5974.0,6.0,7.0,2.0
Research & Development,Research Scientist,false,4,4,30 to 50,3-5 Mid-Tenure,3,0,0.0,2334.33,12.0,1.7,3.0
Research & Development,Research Scientist,false,4,1,30 to 50,0-2 New Hires,2,0,0.0,2813.0,8.5,1.0,3.5
Research & Development,Research Scientist,true,1,1,Under 30,3-5 Mid-Tenure,1,1,100.0,2042.0,2.0,2.0,2.0
Research & Development,Research Scientist,false,3,1,Under 30,3-5 Mid-Tenure,3,0,0.0,2237.0,3.7,3.0,4.0
Research & Development,Research Scientist,true,4,4,Under 30,0-2 New Hires,1,1,100.0,2439.0,24.0,0.0,3.0
Research & Development,Research Scientist,true,3,4,Under 30,0-2 New Hires,1,1,100.0,1009.0,10.0,1.0,5.0
Research & Development,Research Scientist,true,2,1,Under 30,6+ Veterans,1,1,100.0,2216.0,1.0,7.0,4.0
Research & Development,Research Scientist,true,3,4,30 to 50,0-2 New Hires,2,1,50.0,3222.5,5.5,0.5,0.0
Research & Development,Research Scientist,false,4,4,Over 50,3-5 Mid-Tenure,1,0,0.0,4258.0,19.0,2.0,3.0
Research & Development,Research Scientist,false,2,1,Under 30,0-2 New Hires,1,0,0.0,2244.0,11.0,2.0,1.0
Research & Development,Research Scientist,false,1,1,Under 30,6+ Veterans,1,1,100.0,2362.0,1.0,7.0,2.0
Research & Development,Research Scientist,false,1,4,Under 30,3-5 Mid-Tenure,2,0,0.0,2932.5,14.5,3.0,2.5
Research & Development,Research Scientist,false,1,4,30 to 50,0-2 New Hires,1,0,0.0,2956.0,1.0,0.0,2.0
Research & Development,Research Scientist,true,3,3,30 to 50,6+ Veterans,3,1,33.33,3393.67,6.0,2.0,3.0
Research & Development,Research Scientist,true,2,4,30 to 50,0-2 New Hires,2,0,0.0,5289.5,5.5,0.0,2.0
Research & Development,Research Scientist,true,3,3,Under 30,0-2 New Hires,1,0,0.0,2566.0,3.0,1.0,2.0
Research & Development,Research Scientist,true,4,3,30 to 50,6+ Veterans,1,0,0.0,5747.0,22.0,11.0,3.0
Research & Development,Research Scientist,true,3,2,30 to 50,6+ Veterans,1,0,0.0,4449.0,25.0,7.0,2.0
Research & Development,Research Scientist,true,1,1,30 to 50,6+ Veterans,1,1,100.0,3348.0,3.0,7.0,3.0
Research & Development,Research Scientist,true,4,2,Under 30,6+ Veterans,1,0,0.0,2725.0,23.0,4.0,3.0
Research & Development,Research Scientist,true,1,3,Over 50,0-2 New Hires,1,0,0.0,4257.0,8.0,2.0,3.0
Research & Development,Research Scientist,false,4,2,Over 50,3-5 Mid-Tenure,1,0,0.0,2662.0,2.0,4.0,2.0
Research & Development,Research Scientist,true,4,3,Under 30,3-5 Mid-Tenure,1,1,100.0,2389.0,18.0,1.0,3.0
Research & Development,Research Scientist,true,4,2,30 to 50,3-5 Mid-Tenure,2,0,0.0,2381.0,5.0,2.0,2.5
Research & Development,Research Scientist,false,3,4,30 to 50,0-2 New Hires,4,0,0.0,2399.5,10.0,1.0,2.0
Research & Development,Research Scientist,true,4,4,30 to 50,3-5 Mid-Tenure,3,0,0.0,3072.67,2.0,2.3,2.7
Research & Development,Research Scientist,false,1,3,Under 30,3-5 Mid-Tenure,1,0,0.0,3591.0,1.0,2.0,3.0
Research & Development,Research Scientist,false,4,3,Under 30,6+ Veterans,3,0,0.0,2766.33,17.0,5.3,2.3
Research & Development,Research Scientist,false,4,4,Under 30,3-5 Mid-Tenure,4,0,0.0,2540.25,10.5,2.5,2.5
Research & Development,Research Scientist,false,3,4,Under 30,3-5 Mid-Tenure,3,0,0.0,3048.0,3.3,1.3,2.0
Research & Development,Research Scientist,false,4,4,30 to 50,6+ Veterans,5,0,0.0,4172.6,13.4,10.0,3.0
Research & Development,Research Scientist,false,3,4,Over 50,3-5 Mid-Tenure,1,0,0.0,4869.0,20.0,3.0,4.0
Research & Development,Research Scientist,false,1,1,Under 30,3-5 Mid-Tenure,2,0,0.0,3121.5,3.0,1.5,3.0
Research & Development,Research Scientist,false,1,4,Under 30,6+ Veterans,1,0,0.0,4774.0,15.0,3.0,2.0
Research & Development,Research Scientist,true,2,4,Under 30,3-5 Mid-Tenure,1,0,0.0,2328.0,5.0,2.0,2.0
Research & Development,Research Scientist,false,1,2,30 to 50,6+ Veterans,1,0,0.0,5208.0,18.0,10.0,2.0
Research & Development,Research Scientist,false,2,3,30 to 50,0-2 New Hires,2,0,0.0,3503.0,3.5,0.0,3.5
Research & Development,Research Scientist,false,4,4,Over 50,6+ Veterans,1,0,0.0,6854.0,7.0,7.0,2.0
Research & Development,Research Scientist,true,3,2,Under 30,3-5 Mid-Tenure,1,0,0.0,2814.0,26.0,3.0,2.0
Research & Development,Research Scientist,true,4,1,Under 30,0-2 New Hires,1,1,100.0,4787.0,1.0,2.0,3.0
Research & Development,Research Scientist,false,3,2,Under 30,0-2 New Hires,2,0,0.0,1916.0,9.0,0.0,3.0
Research & Development,Research Scientist,false,3,1,30 to 50,3-5 Mid-Tenure,6,0,0.0,2999.83,19.7,2.3,2.5
Research & Development,Research Scientist,false,3,3,Under 30,3-5 Mid-Tenure,2,0,0.0,3272.5,12.5,4.0,2.0
Research & Development,Research Scientist,false,3,3,30 to 50,0-2 New Hires,6,0,0.0,2376.0,7.5,1.0,2.2
Research & Development,Research Scientist,false,1,3,30 to 50,6+ Veterans,3,0,0.0,3102.33,14.7,3.3,3.0
Research & Development,Research Scientist,false,2,4,30 to 50,6+ Veterans,5,0,0.0,4518.4,5.6,6.6,3.0
Research & Development,Research Scientist,true,2,2,30 to 50,0-2 New Hires,1,0,0.0,2372.0,7.0,0.0,2.0
Research & Development,Research Scientist,true,1,2,30 to 50,0-2 New Hires,1,0,0.0,3419.0,5.0,0.0,3.0
Sales,Manager,false,1,2,30 to 50,6+ Veterans,1,0,0.0,16595.0,2.0,8.0,2.0
Sales,Manager,false,3,3,30 to 50,6+ Veterans,1,0,0.0,18041.0,2.0,12.0,2.0
Sales,Manager,true,4,4,30 to 50,0-2 New Hires,1,0,0.0,13591.0,6.0,0.0,3.0
Sales,Manager,false,2,2,30 to 50,3-5 Mid-Tenure,1,0,0.0,15972.0,2.0,2.0,2.0
Sales,Manager,true,3,1,Over 50,6+ Veterans,1,0,0.0,19068.0,2.0,12.0,2.0
Sales,Manager,true,4,3,30 to 50,6+ Veterans,1,0,0.0,16959.0,26.0,12.0,3.0
Sales,Manager,false,1,3,Over 50,6+ Veterans,1,0,0.0,16856.0,3.0,16.0,3.0
Sales,Manager,false,2,1,Over 50,6+ Veterans,1,0,0.0,16835.0,18.0,7.0,2.0
Sales,Manager,false,3,3,Over 50,6+ Veterans,1,0,0.0,14852.0,2.0,2.0,3.0
Sales,Manager,true,4,2,Over 50,6+ Veterans,1,0,0.0,11904.0,1.0,4.0,1.0
Sales,Manager,false,2,2,Over 50,6+ Veterans,1,0,0.0,16291.0,2.0,14.0,0.0
Sales,Manager,false,3,1,30 to 50,6+ Veterans,1,0,0.0,17465.0,3.0,9.0,3.0
Sales,Manager,true,4,4,Over 50,0-2 New Hires,1,0,0.0,17875.0,21.0,0.0,2.0
Sales,Manager,true,2,3,30 to 50,6+ Veterans,1,0,0.0,16872.0,2.0,7.0,2.0
Sales,Manager,false,4,4,30 to 50,6+ Veterans,2,0,0.0,18583.5,6.0,3.5,3.5
Sales,Manager,true,2,4,Over 50,6+ Veterans,1,0,0.0,19847.0,9.0,10.0,5.0
Sales,Manager,false,2,2,30 to 50,6+ Veterans,2,0,0.0,19023.0,6.0,9.0,4.0
Sales,Manager,false,1,3,30 to 50,6+ Veterans,1,0,0.0,17048.0,2.0,9.0,2.0
Sales,Manager,false,4,1,Over 50,6+ Veterans,2,1,50.0,17636.0,2.0,8.0,3.0
Sales,Manager,false,3,4,30 to 50,6+ Veterans,1,0,0.0,17444.0,17.0,0.0,2.0
Sales,Manager,false,2,3,30 to 50,6+ Veterans,1,0,0.0,16606.0,3.0,1.0,2.0
Sales,Manager,true,4,4,30 to 50,6+ Veterans,1,0,0.0,16064.0,16.0,9.0,3.0
Sales,Manager,false,2,4,30 to 50,6+ Veterans,2,0,0.0,17402.0,3.0,6.0,2.0
Sales,Manager,false,3,1,Over 50,6+ Veterans,1,0,0.0,16307.0,26.0,17.0,2.0
Sales,Manager,true,2,1,30 to 50,6+ Veterans,1,1,100.0,18824.0,2.0,11.0,2.0
Sales,Manager,false,4,3,Over 50,6+ Veterans,1,0,0.0,19586.0,26.0,13.0,3.0
Sales,Manager,false,3,1,30 to 50,0-2 New Hires,1,0,0.0,12504.0,29.0,0.0,3.0
Sales,Manager,false,4,1,Over 50,0-2 New Hires,1,0,0.0,14118.0,29.0,0.0,3.0
Sales,Manager,false,3,4,30 to 50,0-2 New Hires,1,0,0.0,18303.0,5.0,0.0,3.0
Sales,Manager,true,3,3,30 to 50,0-2 New Hires,1,0,0.0,19331.0,9.0,0.0,2.0
Sales,Manager,false,1,2,30 to 50,0-2 New Hires,1,0,0.0,18947.0,2.0,1.0,2.0
Sales,Manager,false,1,4,30 to 50,6+ Veterans,1,0,0.0,17567.0,1.0,12.0,5.0
Sales,Manager,false,4,3,30 to 50,3-5 Mid-Tenure,1,0,0.0,11557.0,7.0,1.0,3.0
Sales,Sales Executive,true,2,2,Over 50,6+ Veterans,1,1,100.0,8446.0,5.0,7.0,2.0
Sales,Sales Executive,true,4,1,30 to 50,3-5 Mid-Tenure,2,1,50.0,5712.0,20.0,4.0,2.5
Sales,Sales Executive,false,3,3,Under 30,6+ Veterans,2,0,0.0,6958.0,10.0,5.5,3.0
Sales,Sales Executive,false,3,4,30 to 50,6+ Veterans,9,0,0.0,7066.78,10.0,5.9,2.3
Sales,Sales Executive,true,3,2,30 to 50,0-2 New Hires,1,1,100.0,4559.0,20.0,2.0,2.0
Sales,Sales Executive,true,2,1,30 to 50,6+ Veterans,2,1,50.0,6120.5,21.5,9.5,2.0
Sales,Sales Executive,false,3,4,Under 30,6+ Veterans,2,0,0.0,9353.5,14.0,7.0,1.0
Sales,Sales Executive,false,3,3,30 to 50,6+ Veterans,6,1,16.67,7860.0,7.7,7.2,2.7
Sales,Sales Executive,false,2,2,30 to 50,6+ Veterans,2,0,0.0,6100.5,3.5,6.5,3.5
Sales,Sales Executive,false,4,2,30 to 50,6+ Veterans,10,0,0.0,8220.5,8.9,5.6,3.0
Sales,Sales Executive,false,1,2,Under 30,0-2 New Hires,1,1,100.0,4969.0,29.0,2.0,6.0
Sales,Sales Executive,true,4,2,Over 50,6+ Veterans,1,0,0.0,5220.0,7.0,9.0,3.0
Sales,Sales Executive,false,2,2,Over 50,3-5 Mid-Tenure,1,0,0.0,10596.0,2.0,2.0,5.0
Sales,Sales Executive,true,4,3,Under 30,6+ Veterans,1,0,0.0,6834.0,1.0,7.0,2.0
Sales,Sales Executive,true,4,2,Under 30,3-5 Mid-Tenure,1,0,0.0,4487.0,4.0,3.0,3.0
Sales,Sales Executive,true,1,3,30 to 50,3-5 Mid-Tenure,2,0,0.0,4772.0,3.0,2.5,3.0
Sales,Sales Executive,true,4,3,Over 50,6+ Veterans,1,0,0.0,5441.0,21.0,0.0,2.0
Sales,Sales Executive,true,3,2,30 to 50,3-5 Mid-Tenure,2,2,100.0,6596.5,17.5,3.0,3.0
Sales,Sales Executive,true,2,3,Under 30,3-5 Mid-Tenure,1,0,0.0,6349.0,1.0,4.0,0.0
Sales,Sales Executive,true,3,4,30 to 50,3-5 Mid-Tenure,2,1,50.0,7108.0,10.0,1.0,1.5
Sales,Sales Executive,true,4,3,30 to 50,6+ Veterans,7,2,28.57,7427.43,9.3,6.7,3.6
Sales,Sales Executive,true,2,2,30 to 50,0-2 New Hires,1,1,100.0,13194.0,24.0,0.0,2.0
Sales,Sales Executive,false,3,1,Over 50,3-5 Mid-Tenure,1,0,0.0,5473.0,1.0,3.0,2.0
Sales,Sales Executive,false,4,3,30 to 50,0-2 New Hires,3,0,0.0,8044.33,19.0,1.0,4.7
Sales,Sales Executive,false,4,4,Under 30,3-5 Mid-Tenure,1,0,0.0,6931.0,20.0,2.0,2.0
Sales,Sales Executive,false,1,2,30 to 50,6+ Veterans,7,1,14.29,9002.43,6.0,7.3,2.9
Sales,Sales Executive,true,3,2,30 to 50,6+ Veterans,2,1,50.0,5922.5,8.0,7.0,3.5
Sales,Sales Executive,false,1,1,30 to 50,0-2 New Hires,2,1,50.0,5339.0,17.0,1.0,5.0
Sales,Sales Executive,false,4,3,Under 30,6+ Veterans,1,0,0.0,6180.0,26.0,4.0,5.0
Sales,Sales Executive,false,4,4,Under 30,6+ Veterans,2,0,0.0,4588.0,5.5,3.5,4.0
Sales,Sales Executive,true,4,4,30 to 50,6+ Veterans,4,1,25.0,7477.75,11.5,8.3,1.8
Sales,Sales Executive,true,1,2,30 to 50,3-5 Mid-Tenure,1,0,0.0,5454.0,1.0,3.0,2.0
Sales,Sales Executive,false,1,2,30 to 50,3-5 Mid-Tenure,2,1,50.0,4897.0,15.5,3.0,2.0
Sales,Sales Executive,false,2,1,Under 30,3-5 Mid-Tenure,2,1,50.0,6018.5,20.5,2.0,4.5
Sales,Sales Executive,true,1,1,30 to 50,6+ Veterans,1,0,0.0,5605.0,7.0,7.0,3.0
Sales,Sales Executive,false,3,1,Under 30,6+ Veterans,1,0,0.0,6500.0,2.0,7.0,5.0
Sales,Sales Executive,false,1,4,Over 50,0-2 New Hires,1,0,0.0,5380.0,11.0,0.0,3.0
Sales,Sales Executive,false,3,2,30 to 50,3-5 Mid-Tenure,1,0,0.0,6577.0,12.0,4.0,6.0
Sales,Sales Executive,false,1,3,30 to 50,6+ Veterans,7,1,14.29,6454.86,15.1,6.0,3.3
Sales,Sales Executive,false,2,1,30 to 50,6+ Veterans,2,1,50.0,9094.5,6.5,7.0,5.5
Sales,Sales Executive,false,2,3,30 to 50,6+ Veterans,8,1,12.5,8150.0,13.4,6.9,2.6
Sales,Sales Executive,true,1,1,Over 50,0-2 New Hires,1,1,100.0,10448.0,24.0,2.0,2.0
Sales,Sales Executive,false,3,1,30 to 50,6+ Veterans,3,1,33.33,9699.33,2.0,9.0,3.7
Sales,Sales Executive,true,1,1,30 to 50,3-5 Mid-Tenure,1,1,100.0,8224.0,9.0,3.0,3.0
Sales,Sales Executive,false,4,3,Under 30,3-5 Mid-Tenure,3,0,0.0,4658.67,9.3,1.3,3.7
Sales,Sales Executive,false,4,4,30 to 50,0-2 New Hires,4,0,0.0,6033.5,7.3,1.0,4.0
Sales,Sales Executive,false,4,1,Over 50,0-2 New Hires,2,0,0.0,11037.5,4.5,1.0,3.5
Sales,Sales Executive,true,2,4,Under 30,6+ Veterans,1,0,0.0,8268.0,10.0,7.0,2.0
Sales,Sales Executive,false,3,1,Under 30,3-5 Mid-Tenure,2,0,0.0,5615.5,10.5,2.0,2.5
Sales,Sales Executive,true,3,1,Over 50,6+ Veterans,1,1,100.0,13695.0,13.0,8.0,2.0
Sales,Sales Executive,false,2,2,30 to 50,3-5 Mid-Tenure,3,0,0.0,5079.67,11.7,2.7,3.0
Sales,Sales Executive,false,2,4,Under 30,3-5 Mid-Tenure,1,0,0.0,4851.0,8.0,2.0,4.0
Sales,Sales Executive,true,3,4,30 to 50,6+ Veterans,5,0,0.0,8617.2,5.2,8.0,3.2
Sales,Sales Executive,false,3,4,Under 30,3-5 Mid-Tenure,1,0,0.0,4649.0,2.0,2.0,3.0
Sales,Sales Executive,false,3,3,30 to 50,3-5 Mid-Tenure,4,0,0.0,6121.75,11.0,1.8,3.8
Sales,Sales Executive,false,4,2,30 to 50,3-5 Mid-Tenure,2,0,0.0,7200.5,9.0,2.5,2.5
Sales,Sales Executive,true,4,1,30 to 50,6+ Veterans,2,1,50.0,5694.5,15.5,8.0,4.0
Sales,Sales Executive,true,1,3,30 to 50,6+ Veterans,2,1,50.0,11362.0,14.5,10.5,2.0
Sales,Sales Executive,false,4,1,30 to 50,6+ Veterans,12,1,8.33,7442.25,7.1,6.3,2.8
Sales,Sales Executive,false,3,4,30 to 50,0-2 New Hires,2,0,0.0,5817.5,16.0,1.0,2.0
Sales,Sales Executive,true,3,4,Under 30,0-2 New Hires,1,1,100.0,9854.0,13.0,2.0,0.0
Sales,Sales Executive,true,4,4,30 to 50,3-5 Mid-Tenure,1,0,0.0,8103.0,3.0,1.0,3.0
Sales,Sales Executive,true,2,3,30 to 50,0-2 New Hires,1,1,100.0,9907.0,2.0,2.0,3.0
Sales,Sales Executive,true,3,4,30 to 50,0-2 New Hires,4,2,50.0,5446.0,13.0,1.0,2.8
Sales,Sales Executive,false,3,1,30 to 50,0-2 New Hires,2,1,50.0,6464.5,8.5,0.0,3.0
Sales,Sales Executive,true,1,4,30 to 50,3-5 Mid-Tenure,2,1,50.0,10807.5,18.5,1.0,2.5
Sales,Sales Executive,true,1,3,Under 30,3-5 Mid-Tenure,1,0,0.0,4194.0,3.0,3.0,3.0
Sales,Sales Executive,true,3,3,Under 30,6+ Veterans,1,1,100.0,5744.0,5.0,3.0,1.0
Sales,Sales Executive,false,3,3,Over 50,6+ Veterans,1,0,0.0,10686.0,2.0,0.0,4.0
Sales,Sales Executive,true,4,2,30 to 50,6+ Veterans,3,1,33.33,6258.67,1.3,7.0,1.0
Sales,Sales Executive,false,3,2,30 to 50,0-2 New Hires,1,0,0.0,6815.0,1.0,0.0,5.0
Sales,Sales Executive,false,1,4,Over 50,6+ Veterans,2,0,0.0,7160.5,2.0,7.5,3.0
Sales,Sales Executive,true,4,2,30 to 50,3-5 Mid-Tenure,1,0,0.0,7457.0,1.0,2.0,2.0
Sales,Sales Executive,false,1,3,Under 30,3-5 Mid-Tenure,3,0,0.0,4626.0,12.3,3.3,2.0
Sales,Sales Executive,false,2,3,30 to 50,0-2 New Hires,1,0,0.0,4978.0,2.0,0.0,3.0
Sales,Sales Executive,false,2,4,30 to 50,3-5 Mid-Tenure,2,0,0.0,5008.5,4.5,2.5,4.0
Sales,Sales Executive,false,1,3,30 to 50,0-2 New Hires,2,0,0.0,8209.0,17.5,1.5,2.5
Sales,Sales Executive,false,4,1,Under 30,3-5 Mid-Tenure,1,0,0.0,4908.0,5.0,2.0,3.0
Sales,Sales Executive,true,2,1,Under 30,6+ Veterans,1,0,0.0,4187.0,5.0,9.0,3.0
Sales,Sales Executive,false,2,1,30 to 50,0-2 New Hires,2,1,50.0,8220.0,5.5,0.0,2.0
Sales,Sales Executive,false,1,3,Under 30,6+ Veterans,1,0,0.0,4294.0,1.0,7.0,2.0
Sales,Sales Executive,false,2,4,30 to 50,6+ Veterans,5,0,0.0,6580.4,3.0,6.6,2.8
Sales,Sales Executive,false,1,1,Over 50,0-2 New Hires,1,0,0.0,5405.0,16.0,2.0,1.0
Sales,Sales Executive,true,2,4,30 to 50,3-5 Mid-Tenure,1,1,100.0,9094.0,25.0,0.0,2.0
Sales,Sales Executive,false,4,3,30 to 50,3-5 Mid-Tenure,3,0,0.0,6131.67,11.7,2.0,3.3
Sales,Sales Executive,false,1,3,30 to 50,3-5 Mid-Tenure,4,0,0.0,5409.5,13.5,2.5,2.5
Sales,Sales Executive,true,4,2,30 to 50,0-2 New Hires,2,0,0.0,5974.0,7.5,0.0,2.5
Sales,Sales Executive,false,3,1,30 to 50,3-5 Mid-Tenure,4,1,25.0,6071.75,9.0,2.5,2.3
Sales,Sales Executive,false,2,3,30 to 50,3-5 Mid-Tenure,4,0,0.0,7022.0,14.3,3.5,3.0
Sales,Sales Executive,false,2,1,Under 30,0-2 New Hires,1,0,0.0,6644.0,2.0,0.0,2.0
Sales,Sales Executive,false,3,2,Under 30,6+ Veterans,1,0,0.0,5561.0,3.0,2.0,5.0
Sales,Sales Executive,true,1,2,30 to 50,0-2 New Hires,1,1,100.0,6134.0,13.0,2.0,3.0
Sales,Sales Executive,true,4,1,Over 50,3-5 Mid-Tenure,1,0,0.0,10934.0,7.0,4.0,3.0
Sales,Sales Executive,false,4,2,Under 30,6+ Veterans,4,1,25.0,6341.0,9.8,6.5,3.0
Sales,Sales Executive,true,1,4,30 to 50,6+ Veterans,2,1,50.0,10028.5,4.5,9.5,2.0
Sales,Sales Executive,false,2,2,30 to 50,0-2 New Hires,3,0,0.0,6812.67,10.0,1.3,2.7
Sales,Sales Executive,true,4,3,Under 30,0-2 New Hires,1,0,0.0,4157.0,23.0,0.0,2.0
Sales,Sales Executive,false,1,3,Over 50,6+ Veterans,2,0,0.0,11739.0,17.0,9.0,2.5
Sales,Sales Executive,false,3,3,Under 30,3-5 Mid-Tenure,1,0,0.0,5869.0,10.0,4.0,2.0
Sales,Sales Executive,true,4,4,Under 30,6+ Veterans,3,1,33.33,5414.67,5.7,4.0,2.0
Sales,Sales Executive,false,4,3,Over 50,6+ Veterans,3,1,33.33,5089.0,6.3,5.0,2.3
Sales,Sales Executive,true,4,3,30 to 50,3-5 Mid-Tenure,4,0,0.0,7758.25,8.5,2.3,2.3
Sales,Sales Executive,true,2,1,30 to 50,3-5 Mid-Tenure,1,0,0.0,9278.0,3.0,1.0,3.0
Sales,Sales Executive,false,1,4,30 to 50,6+ Veterans,3,1,33.33,6675.0,9.0,6.3,2.3
Sales,Sales Executive,false,3,4,30 to 50,3-5 Mid-Tenure,3,1,33.33,6389.0,16.7,1.7,2.3
Sales,Sales Executive,false,3,4,Over 50,6+ Veterans,1,0,0.0,13872.0,10.0,8.0,1.0
Sales,Sales Executive,false,1,4,Under 30,6+ Veterans,1,1,100.0,7336.0,23.0,10.0,3.0
Sales,Sales Executive,false,1,4,Under 30,3-5 Mid-Tenure,2,1,50.0,6894.5,6.5,2.5,3.0
Sales,Sales Executive,false,1,1,30 to 50,3-5 Mid-Tenure,2,1,50.0,7480.5,11.5,2.0,3.0
Sales,Sales Executive,false,4,3,30 to 50,6+ Veterans,7,2,28.57,8512.57,8.7,7.1,2.7
Sales,Sales Executive,false,1,4,30 to 50,3-5 Mid-Tenure,4,0,0.0,4780.75,7.5,2.5,2.5
Sales,Sales Executive,false,2,2,Under 30,6+ Veterans,1,0,0.0,6214.0,8.0,7.0,3.0
Sales,Sales Executive,true,2,3,30 to 50,6+ Veterans,2,0,0.0,5218.5,6.0,8.0,3.0
Sales,Sales Executive,false,4,4,30 to 50,6+ Veterans,14,1,7.14,6639.93,7.3,7.8,2.7
Sales,Sales Executive,true,2,2,Under 30,6+ Veterans,1,0,0.0,4779.0,2.0,5.0,2.0
Sales,Sales Executive,true,3,3,30 to 50,6+ Veterans,4,1,25.0,8439.0,11.3,4.8,3.3
Sales,Sales Executive,false,3,2,Under 30,3-5 Mid-Tenure,1,0,0.0,4221.0,4.0,4.0,3.0
Sales,Sales Executive,false,4,4,30 to 50,3-5 Mid-Tenure,3,0,0.0,6226.33,9.7,3.0,2.3
Sales,Sales Executive,true,3,3,30 to 50,3-5 Mid-Tenure,1,0,0.0,4591.0,14.0,2.0,4.0
Sales,Sales Executive,true,4,4,30 to 50,0-2 New Hires,1,0,0.0,6694.0,10.0,0.0,5.0
Sales,Sales Executive,true,3,4,Under 30,3-5 Mid-Tenure,3,0,0.0,4300.0,5.3,3.3,2.7
Sales,Sales Executive,true,4,1,30 to 50,0-2 New Hires,1,1,100.0,5440.0,15.0,2.0,2.0
Sales,Sales Executive,true,1,1,30 to 50,0-2 New Hires,1,1,100.0,8564.0,16.0,0.0,2.0
Sales,Sales Executive,false,1,1,30 to 50,6+ Veterans,6,0,0.0,6557.67,9.0,7.3,3.3
Sales,Sales Executive,false,1,1,Over 50,6+ Veterans,1,0,0.0,7637.0,25.0,9.0,3.0
Sales,Sales Executive,false,3,2,30 to 50,6+ Veterans,11,1,9.09,5605.27,8.6,5.7,2.5
Sales,Sales Executive,true,2,3,30 to 50,3-5 Mid-Tenure,1,0,0.0,4078.0,2.0,2.0,3.0
Sales,Sales Executive,false,2,3,Over 50,6+ Veterans,1,0,0.0,7525.0,2.0,12.0,2.0
Sales,Sales Executive,false,3,1,Under 30,0-2 New Hires,3,1,33.33,5840.67,20.0,0.7,3.7
Sales,Sales Executive,false,2,4,30 to 50,0-2 New Hires,1,0,0.0,7351.0,2.0,0.0,2.0
Sales,Sales Executive,true,3,1,Under 30,3-5 Mid-Tenure,1,0,0.0,4907.0,8.0,4.0,3.0
Sales,Sales Representative,false,1,3,30 to 50,3-5 Mid-Tenure,1,1,100.0,3407.0,9.0,3.0,4.0
Sales,Sales Representative,false,1,3,Under 30,3-5 Mid-Tenure,1,1,100.0,3041.0,2.0,2.0,3.0
Sales,Sales Representative,true,3,4,Under 30,0-2 New Hires,1,1,100.0,1675.0,22.0,0.0,2.0
Sales,Sales Representative,true,3,1,30 to 50,3-5 Mid-Tenure,1,1,100.0,2683.0,3.0,2.0,2.0
Sales,Sales Representative,false,3,2,30 to 50,3-5 Mid-Tenure,1,0,0.0,2430.0,28.0,2.0,5.0
Sales,Sales Representative,true,2,3,Under 30,0-2 New Hires,1,1,100.0,2413.0,19.0,0.0,2.0
Sales,Sales Representative,false,2,2,Under 30,0-2 New Hires,3,2,66.67,2765.0,6.3,0.7,3.0
Sales,Sales Representative,true,4,4,30 to 50,3-5 Mid-Tenure,1,0,0.0,3294.0,2.0,2.0,3.0
Sales,Sales Representative,false,3,2,30 to 50,6+ Veterans,2,0,0.0,4480.5,4.5,1.5,2.5
Sales,Sales Representative,false,4,2,30 to 50,0-2 New Hires,2,1,50.0,1711.5,8.5,1.0,2.5
Sales,Sales Representative,true,4,4,Under 30,0-2 New Hires,1,1,100.0,2323.0,9.0,2.0,3.0
Sales,Sales Representative,false,3,1,30 to 50,0-2 New Hires,1,0,0.0,3067.0,2.0,2.0,1.0
Sales,Sales Representative,true,3,4,30 to 50,0-2 New Hires,1,1,100.0,2851.0,5.0,0.0,2.0
Sales,Sales Representative,false,4,3,Under 30,3-5 Mid-Tenure,1,0,0.0,2157.0,20.0,2.0,5.0
Sales,Sales Representative,false,3,4,Under 30,0-2 New Hires,1,0,0.0,1200.0,10.0,0.0,2.0
Sales,Sales Representative,true,4,3,Under 30,0-2 New Hires,1,1,100.0,1118.0,24.0,0.0,4.0
Sales,Sales Representative,false,1,1,30 to 50,0-2 New Hires,1,0,0.0,2858.0,1.0,0.0,3.0
Sales,Sales Representative,false,2,3,30 to 50,0-2 New Hires,1,0,0.0,2476.0,2.0,0.0,3.0
Sales,Sales Representative,true,2,4,Under 30,0-2 New Hires,1,1,100.0,2121.0,21.0,0.0,3.0
Sales,Sales Representative,false,4,1,30 to 50,6+ Veterans,1,0,0.0,2793.0,4.0,8.0,2.0
Sales,Sales Representative,false,4,1,30 to 50,3-5 Mid-Tenure,1,0,0.0,2572.0,8.0,2.0,1.0
Sales,Sales Representative,false,1,3,Under 30,0-2 New Hires,3,2,66.67,1912.67,9.0,0.0,3.7
Sales,Sales Representative,false,2,4,30 to 50,0-2 New Hires,2,0,0.0,3332.0,6.5,2.0,3.5
Sales,Sales Representative,false,3,3,Under 30,0-2 New Hires,3,1,33.33,2489.67,4.7,1.3,4.0
Sales,Sales Representative,true,3,3,30 to 50,6+ Veterans,1,0,0.0,2579.0,14.0,6.0,3.0
Sales,Sales Representative,true,2,2,30 to 50,3-5 Mid-Tenure,1,1,100.0,3140.0,20.0,2.0,5.0
Sales,Sales Representative,true,3,2,Over 50,6+ Veterans,1,0,0.0,2306.0,6.0,5.0,3.0
Sales,Sales Representative,false,2,4,30 to 50,3-5 Mid-Tenure,1,0,0.0,2983.0,7.0,2.0,3.0
Sales,Sales Representative,false,3,3,Under 30,3-5 Mid-Tenure,1,0,0.0,3447.0,22.0,2.0,2.0
Sales,Sales Representative,false,4,3,30 to 50,0-2 New Hires,2,1,50.0,2788.0,11.0,1.0,3.5
Sales,Sales Representative,false,3,1,Under 30,3-5 Mid-Tenure,1,1,100.0,2909.0,1.0,2.0,3.0
Sales,Sales Representative,true,4,3,30 to 50,3-5 Mid-Tenure,1,0,0.0,2644.0,2.0,2.0,3.0
Sales,Sales Representative,false,1,3,30 to 50,0-2 New Hires,1,0,0.0,2827.0,2.0,0.0,3.0
Sales,Sales Representative,true,3,2,30 to 50,6+ Veterans,1,0,0.0,2308.0,7.0,7.0,4.0
Sales,Sales Representative,false,2,2,30 to 50,0-2 New Hires,2,0,0.0,2584.0,5.0,2.0,2.5
Sales,Sales Representative,true,1,3,Under 30,0-2 New Hires,1,0,0.0,2380.0,5.0,2.0,6.0
Sales,Sales Representative,true,4,2,30 to 50,3-5 Mid-Tenure,1,0,0.0,5405.0,2.0,3.0,4.0
Sales,Sales Representative,false,4,3,30 to 50,6+ Veterans,1,0,0.0,4502.0,2.0,7.0,2.0
Sales,Sales Representative,true,3,2,Under 30,3-5 Mid-Tenure,1,1,100.0,2800.0,1.0,2.0,3.0
Sales,Sales Representative,true,4,3,Under 30,3-5 Mid-Tenure,1,1,100.0,2275.0,7.0,2.0,2.0
Sales,Sales Representative,false,2,3,30 to 50,3-5 Mid-Tenure,1,0,0.0,3931.0,4.0,2.0,5.0
Sales,Sales Representative,false,4,1,Under 30,3-5 Mid-Tenure,1,0,0.0,2610.0,9.0,2.0,3.0
Sales,Sales Representative,false,3,4,Under 30,3-5 Mid-Tenure,1,0,0.0,2966.0,5.0,0.0,2.0
Sales,Sales Representative,false,1,2,30 to 50,0-2 New Hires,1,1,100.0,2033.0,12.0,0.0,2.0
Sales,Sales Representative,false,4,3,30 to 50,3-5 Mid-Tenure,1,0,0.0,2973.0,21.0,0.0,3.0
Sales,Sales Representative,false,4,3,Under 30,0-2 New Hires,2,0,0.0,2606.0,16.0,1.0,3.0
Sales,Sales Representative,false,3,4,30 to 50,0-2 New Hires,2,1,50.0,2377.5,6.5,0.0,3.0
Sales,Sales Representative,true,2,1,Under 30,3-5 Mid-Tenure,2,2,100.0,2688.0,1.0,3.0,3.5
Sales,Sales Representative,false,4,4,Under 30,0-2 New Hires,1,0,0.0,2400.0,24.0,1.0,3.0
Sales,Sales Representative,false,3,2,30 to 50,0-2 New Hires,2,1,50.0,2167.5,2.5,0.0,3.0
Sales,Sales Representative,true,4,2,Under 30,0-2 New Hires,1,1,100.0,1569.0,3.0,0.0,2.0
Sales,Sales Representative,true,3,4,30 to 50,6+ Veterans,1,1,100.0,2655.0,7.0,7.0,3.0
Sales,Sales Representative,true,2,2,Under 30,0-2 New Hires,1,1,100.0,1878.0,5.0,0.0,3.0
Sales,Sales Representative,false,3,3,30 to 50,3-5 Mid-Tenure,1,0,0.0,2231.0,2.0,2.0,3.0
Sales,Sales Representative,false,4,1,Over 50,6+ Veterans,1,0,0.0,3482.0,29.0,0.0,3.0
Sales,Sales Representative,false,4,4,30 to 50,0-2 New Hires,2,1,50.0,2050.0,3.5,1.0,4.5
Sales,Sales Representative,false,2,3,Under 30,0-2 New Hires,1,1,100.0,2716.0,12.0,0.0,0.0
Sales,Sales Representative,false,2,4,Under 30,0-2 New Hires,3,0,0.0,1794.0,11.0,0.7,3.0
Sales,Sales Representative,true,2,4,30 to 50,3-5 Mid-Tenure,1,1,100.0,2302.0,1.0,2.0,2.0
Sales,Sales Representative,false,1,4,Under 30,0-2 New Hires,2,1,50.0,2259.0,9.0,1.0,3.0
Sales,Sales Representative,false,3,2,Under 30,6+ Veterans,2,0,0.0,2818.0,18.0,7.0,3.0
Sales,Sales Representative,true,3,3,30 to 50,0-2 New Hires,1,0,0.0,2220.0,10.0,0.0,2.0
Sales,Sales Representative,false,1,1,Under 30,3-5 Mid-Tenure,1,1,100.0,4400.0,9.0,2.0,2.0
